id,nome,custo_mana,custo_convertido,texto_descricao,poder,resistencia,raridade,colecao,artista,tipo_principal,subtipo
d7149359-bb3f-413c-b21d-e4cd88618e56,Abstruse Appropriation,{2}{W}{B},4.0,"Devoid (This card has no color.)
Exile target nonland permanent. You may cast that card for as long as it remains exiled, and you may spend colorless mana as though it were mana of any color to cast that spell.",N/A,N/A,rare,mh3,Jason Rainville,Instant,N/A
5da14d86-0780-4821-a799-96f64b377df4,Accursed Marauder,{1}{B},2.0,"When this creature enters, each player sacrifices a nontoken creature of their choice.",2,1,common,mh3,Paolo Parente,Creature,Zombie Warrior
5e4c134b-a416-467e-a158-def84c92c6af,Aerie Auxiliary,{3}{W},4.0,"Flying
When this creature enters, support 2. (Put a +1/+1 counter on each of up to two other target creatures.)",3,3,common,mh3,Donato Giancola,Creature,Bird Soldier
b8732e62-cdee-4d32-82a8-8a71a04be7a1,Aether Revolt,{2}{R}{R},4.0,"Revolt — As long as a permanent left the battlefield under your control this turn, if a source you control would deal noncombat damage to an opponent or a permanent an opponent controls, it deals that much damage plus 2 instead.
Whenever you get one or more {E}, this enchantment deals that much damage to any target.",N/A,N/A,rare,mh3,Filipe Pagliuso,Enchantment,N/A
012f5195-10ab-4b32-a5de-a79341cd536a,Aether Spike,{1}{U},2.0,"Choose target spell. You get {E}{E} (two energy counters), then you may pay any amount of {E}. Counter that spell unless its controller pays {1} for each {E} paid this way.",N/A,N/A,common,mh3,Campbell White,Instant,N/A
a0a12717-a9c0-43c7-b6be-02fd435c0053,A-Galvanic Discharge,{R},1.0,"Choose target creature or planeswalker. You get {E}{E}, then you may pay any amount of {E}. Galvanic Discharge deals that much damage to that permanent.",N/A,N/A,common,mh3,Zoltan Boros,Instant,N/A
23690b14-8e3e-4aff-bf5e-dd002dcc0bed,A-Guide of Souls,{W},1.0,"Whenever another creature you control enters, you gain 1 life and get {E} (an energy counter).
Whenever you attack, you may pay {E}{E}{E}{E}. When you do, put two +1/+1 counters and a flying counter on target attacking creature. It becomes an Angel in addition to its other types.",1,2,rare,mh3,Ryan Valle,Creature,Human Cleric
1d918133-d4e2-4674-a3cb-58edef1c6758,Ajani Fells the Godsire,{3}{W}{W},5.0,"(As this Saga enters and after your draw step, add a lore counter. Sacrifice after III.)
I — Exile target creature an opponent controls with power 3 or greater.
II — Create a 2/1 white Cat Warrior creature token, then put a vigilance counter on a creature you control.
III — Target creature you control gains double strike until end of turn.",N/A,N/A,uncommon,mh3,Piotr Dura,Enchantment,Saga
0d16e8e0-31b2-4389-afd6-783c501f6fa0,"Ajani, Nacatl Pariah // Ajani, Nacatl Avenger",N/A,2.0,,N/A,N/A,mythic,mh3,Chris Rallis,Legendary Creature,Cat Warrior // Legendary Planeswalker — Ajani
1ac0e78b-0fdd-44f9-8b7b-c4f28a32782e,Amped Raptor,{1}{R},2.0,"First strike
When this creature enters, you get {E}{E} (two energy counters). Then if you cast it from your hand, exile cards from the top of your library until you exile a nonland card. You may cast that card by paying an amount of {E} equal to its mana value rather than paying its mana cost.",2,1,uncommon,mh3,Alex Konstad,Creature,Dinosaur
2d8aeca5-622a-45be-8168-07e7c00e3092,Amphibian Downpour,{2}{U},3.0,"Flash
Storm (When you cast this spell, copy it for each spell cast before it this turn. You may choose new targets for the copies. Copies become tokens.)
Enchant creature
Enchanted creature loses all abilities and is a blue Frog creature with base power and toughness 1/1.",N/A,N/A,rare,mh3,Omar Rayyan,Enchantment,Aura
ce641c7d-2429-4925-b2a6-6be3656698fc,"A-Nadu, Winged Wisdom",{1}{G}{U},3.0,"Flying
Whenever a creature you control becomes the target of a spell or ability, reveal the top card of your library. If it's a land card, put it onto the battlefield. Otherwise, put it into your hand. This ability triggers only twice each turn.",3,4,rare,mh3,Daren Bader,Legendary Creature,Bird Wizard
2647b5ac-1cd1-4069-a8df-2cd291a527b4,Angel of the Ruins,{5}{W}{W},7.0,"Flying
When this creature enters, exile up to two target artifacts and/or enchantments.
Plainscycling {2} ({2}, Discard this card: Search your library for a Plains card, reveal it, put it into your hand, then shuffle.)",5,7,uncommon,mh3,Viko Menezes,Artifact Creature,Angel
4aa9354d-3496-47f4-81c9-aead15efb8bb,Annoyed Altisaur,{5}{G}{G},7.0,"Reach, trample
Cascade (When you cast this spell, exile cards from the top of your library until you exile a nonland card that costs less. You may cast it without paying its mana cost. Put the exiled cards on the bottom in a random order.)",6,5,uncommon,mh3,Lars Grant-West,Creature,Dinosaur
648ae09d-f867-49d1-a694-ff9d63800041,A-Ocelot Pride,{1}{W},2.0,"First strike, lifelink
Ascend (If you control ten or more permanents, you get the city's blessing for the rest of the game.)
At the beginning of your end step, if you gained life this turn, create a 1/1 white Cat creature token. Then if you have the city's blessing, for each token you control that entered this turn, create a token that's a copy of it.",1,1,mythic,mh3,Chris Seaman,Creature,Cat
e7995b44-7932-4d28-9a4c-a32ba35c60d7,Arcbound Condor,{2}{B}{B},4.0,"Flying
Modular 3 (This creature enters with three +1/+1 counters on it. When it dies, you may put its +1/+1 counters on target artifact creature.)
Whenever another artifact you control enters, target creature an opponent controls gets -1/-1 until end of turn.",0,0,uncommon,mh3,Michele Giorgi,Artifact Creature,Bird
6a90f9e6-9251-4203-9599-cc4032a5e6e1,Archway of Innovation,,0.0,"This land enters tapped unless you control an Island.
{T}: Add {U}.
{U}, {T}: The next spell you cast this turn has improvise. (Your artifacts can help cast that spell. Each artifact you tap after you're done activating mana abilities pays for {1}.)",N/A,N/A,rare,mh3,Yeong-Hao Han,Land,N/A
dd148edc-9e43-41aa-bb50-f912115d3e72,Arena of Glory,,0.0,"This land enters tapped unless you control a Mountain.
{T}: Add {R}.
{R}, {T}, Exert this land: Add {R}{R}. If that mana is spent on a creature spell, it gains haste until end of turn. (An exerted permanent won't untap during your next untap step.)",N/A,N/A,rare,mh3,Jorge Jacinto,Land,N/A
b56ad225-1249-4e94-898c-ca21b132e62d,Argent Dais,{1}{W},2.0,"This artifact enters with two oil counters on it.
Whenever two or more creatures attack, put an oil counter on this artifact.
{2}, {T}, Remove two oil counters from this artifact: Exile another target nonland permanent. Its controller draws two cards.",N/A,N/A,rare,mh3,Carlos Palma Cruchaga,Artifact,N/A
19266b5a-ff78-436c-b0f1-457e80bb647e,"Arna Kennerüd, Skycaptain",{2}{W}{U}{B},5.0,"Flying, lifelink
Ward—Discard a card.
Whenever a modified creature you control attacks, double the number of each kind of counter on it. Then for each nontoken permanent attached to it, create a token that's a copy of that permanent attached to that creature.",4,4,mythic,mh3,Cristi Balanescu,Legendary Creature,Human Knight
40463be5-89e2-410b-9a4b-770f70d14293,"Ashling, Flame Dancer",{2}{R}{R},4.0,"You don't lose unspent red mana as steps and phases end.
Magecraft — Whenever you cast or copy an instant or sorcery spell, discard a card, then draw a card. If this is the second time this ability has resolved this turn, Ashling deals 2 damage to each opponent and each creature they control. If it's the third time, add {R}{R}{R}{R}.",4,4,mythic,mh3,Michal Ivan,Legendary Creature,Elemental Shaman
c184406c-b22c-4b9b-9d3a-3e7b17efd8a0,Barbarian Ring,,0.0,"{T}: Add {R}. This land deals 1 damage to you.
Threshold — {R}, {T}, Sacrifice this land: It deals 2 damage to any target. Activate only if seven or more cards are in your graveyard.",N/A,N/A,uncommon,mh3,John Avon,Land,N/A
5feba5d6-99a6-4e9b-8a7d-90d955868fc3,Basking Broodscale,{1}{G},2.0,"Devoid (This card has no color.)
{1}{G}: Adapt 1. (If this creature has no +1/+1 counters on it, put a +1/+1 counter on it.)
Whenever one or more +1/+1 counters are put on this creature, you may create a 0/1 colorless Eldrazi Spawn creature token with ""Sacrifice this token: Add {C}.""",2,2,common,mh3,Caio Monteiro,Creature,Eldrazi Lizard
3feccebc-c792-420d-b96c-51494b5c41db,Bespoke Battlewagon,{3}{U},4.0,"{T}: You get {E}{E} (two energy counters).
{T}, Pay {E}{E}: Tap target creature.
{T}, Pay {E}{E}{E}: Draw a card.
Pay {E}{E}{E}{E}: This Vehicle becomes an artifact creature until end of turn.
Crew 4",5,6,uncommon,mh3,Zoltan Boros,Artifact,Vehicle
4820d223-4ea1-4850-931c-3d2ab5eb003b,Birthing Ritual,{1}{G},2.0,"At the beginning of your end step, if you control a creature, look at the top seven cards of your library. Then you may sacrifice a creature. If you do, you may put a creature card with mana value X or less from among those cards onto the battlefield, where X is 1 plus the sacrificed creature's mana value. Put the rest on the bottom of your library in a random order.",N/A,N/A,mythic,mh3,Drew Tucker,Enchantment,N/A
0a08e0d2-1e60-47f5-9228-4c11a127089d,Bloodsoaked Insight // Sanguine Morass,N/A,7.0,,N/A,N/A,uncommon,mh3,David Álvarez,Sorcery // Land,N/A
579743fe-f71e-4cb2-8629-d6b02ed1591d,Bloodstained Mire,,0.0,"{T}, Pay 1 life, Sacrifice this land: Search your library for a Swamp or Mountain card, put it onto the battlefield, then shuffle.",N/A,N/A,rare,mh3,Bruce Brenneise,Land,N/A
d0d484a6-5610-4f1d-95ec-eda273c255e4,Boggart Trawler // Boggart Bog,N/A,3.0,,N/A,N/A,uncommon,mh3,Randy Gallegos,Creature,Goblin // Land
b277752b-430a-4f09-8a98-b72f813dd52e,Bountiful Landscape,,0.0,"{T}: Add {C}.
{T}, Sacrifice this land: Search your library for a basic Forest, Island, or Mountain card, put it onto the battlefield tapped, then shuffle.
Cycling {G}{U}{R} ({G}{U}{R}, Discard this card: Draw a card.)",N/A,N/A,common,mh3,Mark Poole,Land,N/A
ed48f805-b57c-4d7f-a3c2-d16ae71bce2d,Brainsurge,{2}{U},3.0,"Draw four cards, then put two cards from your hand on top of your library in any order.",N/A,N/A,uncommon,mh3,Liiga Smilshkalne,Instant,N/A
c0f1a736-8b12-4f58-a031-bf1733f65c51,Branching Evolution,{2}{G},3.0,"If one or more +1/+1 counters would be put on a creature you control, twice that many +1/+1 counters are put on that creature instead.",N/A,N/A,rare,mh3,Lucas Graciano,Enchantment,N/A
72449552-aa2c-4ae3-846f-df523c5e6078,Breaker of Creation,{6}{C}{C},8.0,"When you cast this spell, you gain 1 life for each colorless permanent you control.
Hexproof from each color
Annihilator 2 (Whenever this creature attacks, defending player sacrifices two permanents of their choice.)",8,4,uncommon,mh3,Yohann Schepacz,Creature,Eldrazi
50eac71d-54f9-46c2-aa1d-c04c37e61f74,Breathe Your Last,{1}{B}{B},3.0,Destroy target creature or planeswalker. You gain 1 life for each of its colors.,N/A,N/A,common,mh3,Drew Baker,Instant,N/A
8bf3929c-957f-4ea2-a27d-7d53979844af,"Breya, Etherium Shaper",{W}{U}{B}{R},4.0,"When Breya enters, create two 1/1 blue Thopter artifact creature tokens with flying.
{2}, Sacrifice two artifacts: Choose one —
• Breya deals 3 damage to target player or planeswalker.
• Target creature gets -4/-4 until end of turn.
• You gain 5 life.",4,4,mythic,mh3,Tiffany Turrill,Legendary Artifact Creature,Human
ebef3db0-2b58-4581-a79c-fbca9a059e63,Bridgeworks Battle // Tanglespan Bridgeworks,N/A,3.0,,N/A,N/A,uncommon,mh3,Ron Spears,Sorcery // Land,N/A
76878b19-2916-4f3f-bee5-20846bc9e2db,Buried Alive,{2}{B},3.0,"Search your library for up to three creature cards, put them into your graveyard, then shuffle.",N/A,N/A,uncommon,mh3,Greg Staples,Sorcery,N/A
2cb9c743-8793-48e6-bb3d-0d9b76fd1a62,Cephalid Coliseum,,0.0,"{T}: Add {U}. This land deals 1 damage to you.
Threshold — {U}, {T}, Sacrifice this land: Target player draws three cards, then discards three cards. Activate only if seven or more cards are in your graveyard.",N/A,N/A,uncommon,mh3,John Avon,Land,N/A
4a5cab75-546c-4760-97b7-4591de9e6662,Charitable Levy,{1}{W},2.0,"Noncreature spells cost {1} more to cast.
Whenever a player casts a noncreature spell, put a collection counter on this enchantment. Then if there are three or more collection counters on it, sacrifice it. If you do, draw a card, then you may search your library for a Plains card, put it onto the battlefield tapped, then shuffle.",N/A,N/A,uncommon,mh3,Eli Minaya,Enchantment,N/A
ce5dd2c1-b6e0-4914-b5c9-7dd451c29e22,Chthonian Nightmare,{1}{B},2.0,"When this enchantment enters, you get {E}{E}{E} (three energy counters).
Pay X {E}, Sacrifice a creature, Return this enchantment to its owner's hand: Return target creature card with mana value X from your graveyard to the battlefield. Activate only as a sorcery.",N/A,N/A,rare,mh3,Josu Solano,Enchantment,N/A
f260bd08-68b6-44f4-ace9-e298cb13d82e,Collective Resistance,{1}{G},2.0,"Escalate {G} (Pay this cost for each mode chosen beyond the first.)
Choose one or more —
• Destroy target artifact.
• Destroy target enchantment.
• Target creature gains hexproof and indestructible until end of turn.",N/A,N/A,uncommon,mh3,Raoul Vitale,Instant,N/A
98164430-64c1-465f-b786-45753c965f44,Colossal Dreadmask,{4}{G}{G},6.0,"Living weapon (When this Equipment enters, create a 0/0 black Phyrexian Germ creature token, then attach this to it.)
Equipped creature gets +6/+6 and has trample.
Equip {3}{G}{G}",N/A,N/A,common,mh3,Caio Monteiro,Artifact,Equipment
5c9ad04d-c4d4-4d06-93bb-a881be733717,Conduit Goblin,{R}{W},2.0,"When this creature enters, you get {E}{E} (two energy counters).
At the beginning of combat on your turn, you may pay {E}. If you do, another target creature you control gets +1/+0 and gains haste until end of turn.",2,2,common,mh3,Bruno Biazotto,Creature,Goblin Warrior
bc95af55-d1dd-4fe6-adb0-3ad6db20d986,Consign to Memory,{U},1.0,"Replicate {1} (When you cast this spell, copy it for each time you paid its replicate cost. You may choose new targets for the copies.)
Counter target triggered ability or colorless spell.",N/A,N/A,uncommon,mh3,Ben Hill,Instant,N/A
9068b3a4-9130-42d8-a26b-52010b7daa8b,Consuming Corruption,{B}{B},2.0,"Consuming Corruption deals X damage to target creature or planeswalker and you gain X life, where X is the number of Swamps you control.",N/A,N/A,uncommon,mh3,Andrew Theophilopoulos,Instant,N/A
e2312c49-1627-47ad-8113-78a999a97d8d,Contaminated Landscape,,0.0,"{T}: Add {C}.
{T}, Sacrifice this land: Search your library for a basic Plains, Island, or Swamp card, put it onto the battlefield tapped, then shuffle.
Cycling {W}{U}{B} ({W}{U}{B}, Discard this card: Draw a card.)",N/A,N/A,common,mh3,Donato Giancola,Land,N/A
52ea5e71-d0a3-4065-918b-9b2af98589ba,Copycrook,{2}{U}{U},4.0,"You may have this creature enter as a copy of any creature on the battlefield, except it has ""Whenever this creature attacks, it connives."" (Draw a card, then discard a card. If you discarded a nonland card, put a +1/+1 counter on this creature.)",0,0,uncommon,mh3,Peter Polach,Creature,Shapeshifter Rogue
27534c8a-cb71-43bc-b706-80a525396222,Corrupted Shapeshifter,{3}{U},4.0,"Devoid (This card has no color.)
As this creature enters, it becomes your choice of a 3/3 creature with flying, a 2/5 creature with vigilance, or a 0/12 creature with defender.",*,*,common,mh3,Ralph Horsley,Creature,Eldrazi Shapeshifter
f328d6e0-d808-4abe-b6a2-cc557b27c329,Crabomination,{4}{B}{B},6.0,"Emerge from artifact {5}{B}{B} (You may cast this spell by sacrificing an artifact and paying the emerge cost reduced by that artifact's mana value.)
When this creature enters, target opponent exiles the top card of their library, a card at random from their graveyard, and a card at random from their hand. You may cast a spell from among cards exiled this way without paying its mana cost.",5,5,rare,mh3,Nicholas Gregory,Creature,Crab Demon
62993aa2-4804-43cc-910a-c51e794f8508,Cranial Ram,{B}{R},2.0,"Living weapon (When this Equipment enters, create a 0/0 black Phyrexian Germ creature token, then attach this to it.)
Equipped creature gets +X/+1, where X is the number of artifacts you control.
Equip {2}",N/A,N/A,common,mh3,Allen Williams,Artifact,Equipment
6768daa5-41b0-49e1-b71a-63f733b4dc3d,Cursed Mirror,{2}{R},3.0,"{T}: Add {R}.
As this artifact enters, you may have it become a copy of any creature on the battlefield until end of turn, except it has haste.",N/A,N/A,rare,mh3,David Gaillet,Artifact,N/A
a09a8de1-98b3-49e0-82f6-d90f1048de44,Cursed Wombat,{B}{G},2.0,"{2}{B}{G}: Adapt 2. (If this creature has no +1/+1 counters on it, put two +1/+1 counters on it.)
Permanents you control have ""Whenever one or more +1/+1 counters are put on this permanent, put an additional +1/+1 counter on it. This ability triggers only once each turn.""",2,3,uncommon,mh3,Igor Krstic,Creature,Nightmare Wombat
69ce6839-92d1-497b-9760-6fdc7388614e,Cyclops Superconductor,{1}{U}{R},3.0,"Prowess (Whenever you cast a noncreature spell, this creature gets +1/+1 until end of turn.)
When this creature enters, you get {E}{E}{E} (three energy counters).
When this creature dies, you may pay {E}{E}{E}. When you do, this creature deals damage equal to its power to any target.",2,2,common,mh3,Leonardo Santanna,Creature,Cyclops Wizard
2ae6828e-ff19-45db-8b59-61616353491f,Deceptive Landscape,,0.0,"{T}: Add {C}.
{T}, Sacrifice this land: Search your library for a basic Plains, Swamp, or Forest card, put it onto the battlefield tapped, then shuffle.
Cycling {W}{B}{G} ({W}{B}{G}, Discard this card: Draw a card.)",N/A,N/A,common,mh3,Erikas Perl,Land,N/A
21637fbe-d9d3-4d5b-a361-0687385d4738,Decree of Justice,{X}{X}{2}{W}{W},4.0,"Create X 4/4 white Angel creature tokens with flying.
Cycling {2}{W} ({2}{W}, Discard this card: Draw a card.)
When you cycle this card, you may pay {X}. If you do, create X 1/1 white Soldier creature tokens.",N/A,N/A,uncommon,mh3,Adam Rex,Sorcery,N/A
cc0835c7-58ca-4f16-984a-c590ce6a229a,Deem Inferior,{3}{U},4.0,"This spell costs {1} less to cast for each card you've drawn this turn.
The owner of target nonland permanent puts it into their library second from the top or on the bottom.",N/A,N/A,common,mh3,Steven Russell Black,Sorcery,N/A
0f33818e-6f6e-47a9-ae5d-406bdd47b292,Deep Analysis,{3}{U},4.0,"Target player draws two cards.
Flashback—{1}{U}, Pay 3 life. (You may cast this card from your graveyard for its flashback cost. Then exile it.)",N/A,N/A,uncommon,mh3,Jesper Ejsing,Sorcery,N/A
37684797-7503-460d-9f74-047b1ab2fac3,Depth Defiler,{3}{U}{U},5.0,"Devoid (This card has no color.)
Kicker {C} (You may pay an additional {C} as you cast this spell.)
When you cast this spell, choose one. If it was kicked, choose both instead.
• Return target creature to its owner's hand.
• Target player draws two cards, then discards a card.",3,5,uncommon,mh3,Tuan Duong Chu,Creature,Eldrazi
fd51f8f0-779b-40bb-b65c-5907f816676e,Deserted Temple,,0.0,"{T}: Add {C}.
{1}, {T}: Untap target land.",N/A,N/A,rare,mh3,Rob Alexander,Land,N/A
e2a01edd-dbc0-4ed4-b827-9b608290e9a1,Detective's Phoenix,{2}{R},3.0,"Bestow—{R}, Collect evidence 6. (To pay this bestow cost, pay {R} and exile cards with total mana value 6 or greater from your graveyard.)
Flying, haste
Enchanted creature gets +2/+2 and has flying and haste.
You may cast this card from your graveyard using its bestow ability.",2,2,rare,mh3,Deruchenko Alexander,Enchantment Creature,Phoenix
560debcd-feb4-4534-991e-a7aa1cca2409,Devourer of Destiny,{5}{C}{C},7.0,"You may reveal this card from your opening hand. If you do, at the beginning of your first upkeep, look at the top four cards of your library. You may put one of those cards back on top of your library. Exile the rest.
When you cast this spell, exile target permanent that's one or more colors.",6,6,rare,mh3,Raph Lomotan,Creature,Eldrazi
a8e9ea5a-5e10-4b77-baef-0352ff035483,Disciple of Freyalise // Garden of Freyalise,N/A,6.0,,N/A,N/A,uncommon,mh3,Valera Lutfullina,Creature,Elf Druid // Land
5cad8671-4761-4014-a8a3-af45627e6e79,Disruptor Flute,{2},2.0,"Flash
As this artifact enters, choose a card name.
Spells with the chosen name cost {3} more to cast.
Activated abilities of sources with the chosen name can't be activated unless they're mana abilities.",N/A,N/A,rare,mh3,Xavier Ribeiro,Artifact,N/A
5ed5bc3d-4056-40b0-a47a-2841692614b3,Distinguished Conjurer,{1}{W},2.0,"Whenever another creature you control enters, you gain 1 life.
{4}{W}, {T}: Exile another target creature you control, then return it to the battlefield under its owner's control.",1,2,uncommon,mh3,Nils Hamm,Creature,Human Wizard
8d4ba710-eddb-40ca-b2fe-0e4e778aab9c,Dog Umbra,{1}{W},2.0,"Flash
Enchant creature
As long as another player controls enchanted creature, it can't attack or block. Otherwise, this Aura has umbra armor. (If enchanted creature would be destroyed, instead remove all damage from it and destroy this Aura.)",N/A,N/A,common,mh3,Brian Valeza,Enchantment,Aura
831506ea-017a-40ff-91c1-ff2d70dc0013,Dreadmobile,{2}{B},3.0,"Menace
{1}, Sacrifice another artifact or creature: Put a +1/+1 counter on this Vehicle.
Crew 1 (Tap any number of creatures you control with total power 1 or more: This Vehicle becomes an artifact creature until end of turn.)",3,3,uncommon,mh3,Rockey Chen,Artifact,Vehicle
961a3a53-344b-44d5-bc8e-f43437e6b558,Dreamdrinker Vampire,{1}{B},2.0,"Lifelink
{1}{B}: Adapt 1. (If this creature has no +1/+1 counters on it, put a +1/+1 counter on it.)
Whenever one or more +1/+1 counters are put on this creature, it gains menace until end of turn.",2,1,common,mh3,Steve Ellis,Creature,Vampire
fd7dc03e-2a61-482a-b7eb-6cdb7f375fd8,Dreamtide Whale,{2}{U},3.0,"Vanishing 2 (This creature enters with two time counters on it. At the beginning of your upkeep, remove a time counter from it. When the last is removed, sacrifice it.)
Whenever a player casts their second spell each turn, proliferate. (Choose any number of permanents and/or players, then give each another counter of each kind already there.)",7,5,rare,mh3,Ron Spears,Creature,Whale
70e68656-3204-4bb5-9f31-8036083fcba6,Drossclaw,{1}{B},2.0,"Living weapon (When this Equipment enters, create a 0/0 black Phyrexian Germ creature token, then attach this to it.)
Equipped creature gets +1/+1.
Whenever equipped creature attacks, each opponent loses 1 life.
Equip {2}",N/A,N/A,common,mh3,Néstor Ossandón Leal,Artifact,Equipment
7a1d3c1d-1373-4ac4-bb26-9780976efc4f,Drowner of Truth // Drowned Jungle,N/A,7.0,,N/A,N/A,uncommon,mh3,Nicholas Gregory,Creature,Eldrazi // Land
7faf5812-2067-4386-bb83-150723d67d02,Drownyard Lurker,{7},7.0,"Vigilance
When you cast or cycle Drownyard Lurker, create a 0/1 colorless Eldrazi Spawn creature token with ""Sacrifice this token: Add {C}.""
Cycling {2}{U} ({2}{U}, Discard this card: Draw a card.)",7,7,common,mh3,Loïc Canavaggia,Creature,Eldrazi Trilobite
b28b9bee-d726-407b-9e5b-2231384df81e,Echoes of Eternity,{3}{C}{C}{C},6.0,"If a triggered ability of a colorless spell you control or another colorless permanent you control triggers, that ability triggers an additional time.
Whenever you cast a colorless spell, copy it. You may choose new targets for the copy. (A copy of a permanent spell becomes a token.)",N/A,N/A,rare,mh3,Isis,Kindred Enchantment,Eldrazi
dfdabdda-bd46-4ea2-8b37-5d7f6cec6aff,"Eladamri, Korvecdal",{1}{G}{G},3.0,"You may look at the top card of your library any time.
You may cast creature spells from the top of your library.
{G}, {T}, Tap two untapped creatures you control: Reveal a card from your hand or the top card of your library. If you reveal a creature card this way, put it onto the battlefield. Activate only during your turn.",3,3,mythic,mh3,Zoltan Boros,Legendary Creature,Elf Warrior
f67774a1-f5f8-4b7b-871d-88a1b5e57d27,Eldrazi Linebreaker,{1}{C}{R},3.0,"Devoid (This card has no color.)
Trample
At the beginning of combat on your turn, target creature you control gains haste and gets +X/+0 until end of turn, where X is the number of Eldrazi you control.",3,3,rare,mh3,Leonardo Santanna,Creature,Eldrazi
0ce97bb8-b0ee-4473-8c26-a3ec91abec97,Eldrazi Ravager,{5}{C},6.0,"Annihilator 1 (Whenever this creature attacks, defending player sacrifices a permanent of their choice.)
Sacrifice two Eldrazi: Return this card from your graveyard to your hand.
Cycling {2} ({2}, Discard this card: Draw a card.)",6,6,uncommon,mh3,Martin de Diego Sádaba,Creature,Eldrazi
37f79ba7-7b65-4387-b498-f770816ce8dd,Eldrazi Repurposer,{2}{G},3.0,"Devoid (This card has no color.)
When you cast this spell and when this creature dies, create a 0/1 colorless Eldrazi Spawn creature token with ""Sacrifice this token: Add {C}.""",3,3,common,mh3,Daren Bader,Creature,Eldrazi Drone
0f92dce7-45d4-4d9e-abfc-e4bfce9562c9,Electrozoa,{2}{U},3.0,"Flash
Flying
When this creature enters, you get {E}{E} (two energy counters).
At the beginning of your first main phase, tap this creature unless you pay {E}.",3,1,common,mh3,Steve Ellis,Creature,Jellyfish
5ddf44fe-9e4e-42a6-a6f8-11ada3ce8a94,Emerald Medallion,{2},2.0,Green spells you cast cost {1} less to cast.,N/A,N/A,rare,mh3,Daniel Ljunggren,Artifact,N/A
4663e9e3-1989-4ddb-9508-9cc055d2ebe9,Emissary of Soulfire,{1}{W}{U},3.0,"When this creature enters, you get {E}{E}{E} (three energy counters).
Pay {E}{E}: Put an exalted counter on target creature you control. Activate only as a sorcery. (Whenever a creature you control attacks alone, it gets +1/+1 until end of turn for each instance of exalted among permanents you control.)",1,4,uncommon,mh3,Bartek Fedyczak,Creature,Djinn Monk
df9d9075-2d1e-4848-b661-816d539e05eb,Emperor of Bones,{1}{B},2.0,"At the beginning of combat on your turn, exile up to one target card from a graveyard.
{1}{B}: Adapt 2.
Whenever one or more +1/+1 counters are put on this creature, put a creature card exiled with this creature onto the battlefield under your control with a finality counter on it. It gains haste. Sacrifice it at the beginning of the next end step.",2,2,rare,mh3,Josh Hass,Creature,Skeleton Noble
f0f818d7-320c-47b9-a083-40007f3d91ea,Emrakul's Messenger,{1}{U},2.0,"Devoid (This card has no color.)
Flying
Whenever you draw your second card each turn, create a 0/1 colorless Eldrazi Spawn creature token with ""Sacrifice this token: Add {C}.""",2,1,uncommon,mh3,David Álvarez,Creature,Eldrazi Faerie Rogue
b914bfd9-5be3-4459-a68a-9b3ea2747bbc,"Emrakul, the World Anew",{12},12.0,"When you cast this spell, gain control of all creatures target player controls.
Flying, protection from spells and from permanents that were cast this turn
When Emrakul leaves the battlefield, sacrifice all creatures you control.
Madness—Pay six {C}.",12,12,mythic,mh3,Brent Hollowell,Legendary Creature,Eldrazi
fc1dfbfc-90e0-48fa-98f1-39929f823619,Envoy of the Ancestors,{2}{W},3.0,"Outlast {W} ({W}, {T}: Put a +1/+1 counter on this creature. Outlast only as a sorcery.)
Modified creatures you control have lifelink. (Equipment, Auras you control, and counters are modifications.)",2,3,uncommon,mh3,Irina Nordsol,Creature,Human Cleric
e65f4ae3-6b21-4827-9851-8a53628e254f,Essence Reliquary,{2}{W},3.0,{T}: Return another target permanent you control and all Auras you control attached to it to their owner's hand. Activate only during your turn.,N/A,N/A,uncommon,mh3,Kevin Sidharta,Artifact,N/A
8920e7e4-d89e-4ff9-8922-27fdc2f8ed6e,Estrid's Invocation,{2}{U},3.0,"You may have this enchantment enter as a copy of an enchantment you control, except it has ""At the beginning of your upkeep, you may exile this enchantment. If you do, return it to the battlefield under its owner's control.""",N/A,N/A,rare,mh3,Johannes Voss,Enchantment,N/A
428e255d-bdda-4265-91cf-d02962e818e4,Etched Slith,{1}{B},2.0,"Menace
Whenever this creature deals combat damage to a player, put a +1/+1 counter on it. When you do, you may remove a counter from another target permanent or opponent.",1,1,uncommon,mh3,Allen Williams,Artifact Creature,Phyrexian Slith
3abd093b-c1d6-400e-bc26-1aa045fe47b8,Etherium Pteramander,{B},1.0,"Flying
This creature can block only creatures with flying.
{6}{B}: Adapt 4. This ability costs {1} less to activate for each other artifact you control. (If this creature has no +1/+1 counters on it, put four +1/+1 counters on it.)",1,1,uncommon,mh3,Kekai Kotaki,Artifact Creature,Salamander Drake
b00573bd-5bbb-4531-a0bb-a40f62b92b88,Eviscerator's Insight,{1}{B},2.0,"As an additional cost to cast this spell, sacrifice an artifact or creature.
Draw two cards.
Flashback {4}{B} (You may cast this card from your graveyard for its flashback cost and any additional costs. Then exile it.)",N/A,N/A,common,mh3,Sam White,Instant,N/A
4d89283e-9783-4006-9294-4ae0473d2ce6,Evolution Witness,{2}{G},3.0,"{1}{G}: Adapt 2. (If this creature has no +1/+1 counters on it, put two +1/+1 counters on it.)
Whenever one or more +1/+1 counters are put on this creature, return target permanent card from your graveyard to your hand.",2,1,common,mh3,Nereida,Creature,Elf Shaman Mutant
bbdb095d-b826-4e3e-8c61-0d408e52d6b8,Expanding Ooze,{1}{B}{G},3.0,"{B}{G}: Adapt 1. (If this creature has no +1/+1 counters on it, put a +1/+1 counter on it.)
Whenever this creature attacks, put a +1/+1 counter on target modified creature you control. (Equipment, Auras you control, and counters are modifications.)",3,3,common,mh3,Randy Gallegos,Creature,Ooze
5f68baee-f503-407d-931f-2a550470a55f,Expel the Unworthy,{1}{W},2.0,"Kicker {2}{W} (You may pay an additional {2}{W} as you cast this spell.)
Choose target creature with mana value 3 or less. If this spell was kicked, instead choose target creature. Exile the chosen creature, then its controller gains life equal to its mana value.",N/A,N/A,common,mh3,Danny Schwartz,Sorcery,N/A
b9afac99-a094-41a8-8323-90dec29691c4,Faithful Watchdog,{G}{W},2.0,"Vigilance
This creature enters with three +1/+1 counters on it.",0,0,common,mh3,Samuel Perin,Creature,Dog
1f9fb33a-3b39-4aff-93b8-aedafe0ea694,Fanatic of Rhonas,{1}{G},2.0,"{T}: Add {G}.
Ferocious — {T}: Add {G}{G}{G}{G}. Activate only if you control a creature with power 4 or greater.
Eternalize {2}{G}{G} ({2}{G}{G}, Exile this card from your graveyard: Create a token that's a copy of it, except it's a 4/4 black Zombie Snake Druid with no mana cost. Eternalize only as a sorcery.)",1,4,rare,mh3,Scott Murphy,Creature,Snake Druid
fcfac301-55db-49a7-9a0d-918c907703da,Fanged Flames,{1}{R},2.0,"Devoid (This card has no color.)
Fanged Flames deals 4 damage to target creature or planeswalker. If that creature or planeswalker would die this turn, exile it instead.",N/A,N/A,common,mh3,Campbell White,Sorcery,N/A
0ae8a77b-4001-4da2-b684-d0fab370a162,Fangs of Kalonia,{1}{G},2.0,"Put a +1/+1 counter on target creature you control, then double the number of +1/+1 counters on each creature that had a +1/+1 counter put on it this way.
Overload {4}{G}{G} (You may cast this spell for its overload cost. If you do, change ""target"" in its text to ""each."")",N/A,N/A,uncommon,mh3,Leanna Crossan,Sorcery,N/A
a3cb782d-c459-468d-9779-9b5669abc337,Fell the Profane // Fell Mire,N/A,4.0,,N/A,N/A,uncommon,mh3,Yeong-Hao Han,Instant // Land,N/A
0cd368a9-5efe-4755-89be-a05cfa2b71c0,Fetid Gargantua,{4}{B},5.0,"{2}{B}: Adapt 2. (If this creature has no +1/+1 counters on it, put two +1/+1 counters on it.)
Whenever one or more +1/+1 counters are put on this creature, you may draw two cards. If you do, you lose 2 life.",4,4,common,mh3,Michael C. Hayes,Creature,Horror
bda2fa87-81c0-41ac-8831-556ce392c058,Flare of Cultivation,{1}{G}{G},3.0,"You may sacrifice a nontoken green creature rather than pay this spell's mana cost.
Search your library for up to two basic land cards, reveal those cards, put one onto the battlefield tapped and the other into your hand, then shuffle.",N/A,N/A,rare,mh3,Billy Christian,Sorcery,N/A
71a98efb-9b0a-496b-ac21-8d70527ea544,Flare of Denial,{1}{U}{U},3.0,"You may sacrifice a nontoken blue creature rather than pay this spell's mana cost.
Counter target spell.",N/A,N/A,rare,mh3,Jason A. Engle,Instant,N/A
497a10c6-131b-464e-95e4-e47708a24d48,Flare of Duplication,{1}{R}{R},3.0,"You may sacrifice a nontoken red creature rather than pay this spell's mana cost.
Copy target instant or sorcery spell. You may choose new targets for the copy.",N/A,N/A,rare,mh3,Olivier Bernard,Instant,N/A
37b41b59-0296-443b-8a62-8d5c4641ef66,Flare of Fortitude,{2}{W}{W},4.0,"You may sacrifice a nontoken white creature rather than pay this spell's mana cost.
Until end of turn, your life total can't change, and permanents you control gain hexproof and indestructible.",N/A,N/A,rare,mh3,Winona Nelson,Instant,N/A
19efb9ce-62eb-4cbf-b01e-979f3fd09ba6,Flare of Malice,{2}{B}{B},4.0,"You may sacrifice a nontoken black creature rather than pay this spell's mana cost.
Each opponent sacrifices a creature or planeswalker with the greatest mana value among creatures and planeswalkers they control.",N/A,N/A,rare,mh3,David Palumbo,Instant,N/A
c1b9e213-992a-45f8-8c4d-3ca0250a2061,Fledgling Dragon,{2}{R}{R},4.0,"Flying
Threshold — As long as seven or more cards are in your graveyard, this creature gets +3/+3 and has ""{R}: This creature gets +1/+0 until end of turn.""",2,2,uncommon,mh3,Greg Staples,Creature,Dragon
8f85e12c-196b-4459-b81f-0c9c854e9f57,Flooded Strand,,0.0,"{T}, Pay 1 life, Sacrifice this land: Search your library for a Plains or Island card, put it onto the battlefield, then shuffle.",N/A,N/A,rare,mh3,Alexander Forssberg,Land,N/A
75a98ff2-6e78-4133-ad4e-c62c396ba1e0,Flusterstorm,{U},1.0,"Counter target instant or sorcery spell unless its controller pays {1}.
Storm (When you cast this spell, copy it for each spell cast before it this turn. You may choose new targets for the copies.)",N/A,N/A,rare,mh3,Andrew Mar,Instant,N/A
57fb0fa7-0c5c-4a75-9461-c51403c30282,Foreboding Landscape,,0.0,"{T}: Add {C}.
{T}, Sacrifice this land: Search your library for a basic Swamp, Forest, or Island card, put it onto the battlefield tapped, then shuffle.
Cycling {B}{G}{U} ({B}{G}{U}, Discard this card: Draw a card.)",N/A,N/A,common,mh3,Erikas Perl,Land,N/A
7ac34881-de32-42c7-af60-f992638e1da2,Forest,,0.0,({T}: Add {G}.),N/A,N/A,common,mh3,Lars Grant-West,Basic Land,Forest
83b6c7ab-f42f-40d2-9cb6-89291d57e27f,Fowl Strike,{1}{G},2.0,"Destroy target creature with flying.
Reinforce 2—{2}{G} ({2}{G}, Discard this card: Put two +1/+1 counters on target creature.)",N/A,N/A,common,mh3,Warren Mahy,Instant,N/A
981fdd21-a650-4360-9ea5-550399d1da91,Frogmyr Enforcer,{7},7.0,"Prototype {3}{R} — 2/2 (You may cast this spell with different mana cost, color, and size. It keeps its abilities and types.)
Affinity for artifacts (This spell costs {1} less to cast for each artifact you control.)",4,4,uncommon,mh3,Maxime Minard,Artifact Creature,Frog Myr
1f9d91b5-7c09-4a9c-9dc8-fdd4c049009c,Furnace Hellkite,{5}{R}{R},7.0,"Affinity for artifacts (This spell costs {1} less to cast for each artifact you control.)
Flying
{R}: This creature gets +1/+0 until end of turn.",5,5,uncommon,mh3,Fang Xinyu,Artifact Creature,Dragon
32aa6e33-221f-414c-9b51-850d97a7e051,Galvanic Discharge,{R},1.0,"Choose target creature or planeswalker. You get {E}{E}{E} (three energy counters), then you may pay any amount of {E}. Galvanic Discharge deals that much damage to that permanent.",N/A,N/A,common,mh3,Zoltan Boros,Instant,N/A
0cbcc962-65c4-496d-8034-75c8d204dba3,"Genku, Future Shaper",{2}{W}{U},4.0,"Whenever another nontoken permanent you control leaves the battlefield, choose one that hasn't been chosen this turn. Create a creature token with those characteristics.
• 2/2 white Fox with vigilance.
• 1/2 blue Moonfolk with flying.
• 1/1 black Rat with lifelink.
{3}{W}{U}: Put a +1/+1 counter on each creature you control.",2,5,rare,mh3,Chuck Lukacs,Legendary Creature,Moonfolk Wizard
2adea3ee-138f-455b-a001-586883c44758,Ghostfire Slice,{2}{R},3.0,"Devoid (This card has no color.)
This spell costs {2} less to cast if an opponent controls a multicolored permanent.
Ghostfire Slice deals 4 damage to any target.",N/A,N/A,uncommon,mh3,Johann Bodin,Instant,N/A
17fa0b62-d474-4dc7-9631-9d0a9d99e5e2,Gift of the Viper,{G},1.0,"Put a +1/+1 counter, a reach counter, and a deathtouch counter on target creature. Untap it.",N/A,N/A,common,mh3,Madeline Boni,Instant,N/A
80c2a3c7-1486-4ff9-88ec-79ec67a437f8,Glaring Fleshraker,{2}{C},3.0,"Whenever you cast a colorless spell, create a 0/1 colorless Eldrazi Spawn creature token with ""Sacrifice this token: Add {C}.""
Whenever another colorless creature you control enters, this creature deals 1 damage to each opponent.",2,2,uncommon,mh3,Raph Lomotan,Creature,Eldrazi Drone
90630b20-fc83-475f-bcd5-8bcfee0cf241,Glasswing Grace // Age-Graced Chapel,N/A,5.0,,N/A,N/A,uncommon,mh3,Craig Elliott & Maxime Minard,Enchantment,Aura // Land
133ad0dd-5b61-4c38-9264-0b0e75b95d95,Glimpse the Impossible,{2}{R},3.0,"Exile the top three cards of your library. You may play those cards this turn. At the beginning of the next end step, if any of those cards remain exiled, put them into your graveyard, then create a 0/1 colorless Eldrazi Spawn creature token for each card put into your graveyard this way. Those tokens have ""Sacrifice this token: Add {C}.""",N/A,N/A,common,mh3,Justine Jones,Sorcery,N/A
89f48c8f-b6f9-43b2-91c3-8d6e95d62db9,Glyph Elemental,{1}{W},2.0,"Bestow {1}{W} (If you cast this card for its bestow cost, it's an Aura spell with enchant creature. It becomes a creature again if it's not attached.)
Landfall — Whenever a land you control enters, put a +1/+1 counter on this permanent.
Enchanted creature gets +1/+1 for each +1/+1 counter on this Aura.",2,2,uncommon,mh3,Domenico Cava,Enchantment Creature,Elemental
27d42bd9-0307-42ec-a4cd-b39b69b607d0,Golden-Tail Trainer,{1}{G}{W},3.0,"Aura and Equipment spells you cast cost {X} less to cast, where X is this creature's power.
Whenever this creature attacks, other modified creatures you control get +X/+X until end of turn, where X is this creature's power. (Equipment, Auras you control, and counters are modifications.)",1,3,uncommon,mh3,Nino Vecia,Creature,Fox Samurai
e2b054a9-7565-4fdd-b6a5-2786c5bb5b7e,Gravedig,{1}{B},2.0,"Choose one —
• Target player creates a 2/2 black Zombie creature token.
• Return target creature card from your graveyard to your hand.
Entwine {2} (Choose both if you pay the entwine cost.)",N/A,N/A,common,mh3,Drew Baker,Sorcery,N/A
df9c275d-e8cc-40c2-8baf-7a0d154aa7cf,Grim Servant,{3}{B},4.0,"Menace
When this creature enters, search your library for a card with mana value less than or equal to your devotion to black, reveal it, put it into your hand, then shuffle. You lose 3 life. (Each {B} in the mana costs of permanents you control counts toward your devotion to black.)",3,2,uncommon,mh3,David Astruga,Creature,Zombie Warlock
68239b41-b7db-4044-b672-6808c2c342ec,"Grist, Voracious Larva // Grist, the Plague Swarm",N/A,1.0,,N/A,N/A,mythic,mh3,Chris Rahn,Legendary Creature,Insect // Legendary Planeswalker — Grist
8032c909-3170-45ab-a552-a8dc683b0a6e,Guardian of the Forgotten,{3}{W},4.0,"Vigilance
Whenever a modified creature you control dies, manifest the top card of your library. (Equipment, Auras you control, and counters are modifications. To manifest a card, put the top card of your library onto the battlefield face down as a 2/2 creature. Turn it face up any time for its mana cost if it's a creature card.)",4,4,uncommon,mh3,Ron Spears,Creature,Elephant Warrior
76c3cad2-1e25-4abe-878d-9194de6fcc27,Guide of Souls,{W},1.0,"Whenever another creature you control enters, you gain 1 life and get {E} (an energy counter).
Whenever you attack, you may pay {E}{E}{E}. When you do, put two +1/+1 counters and a flying counter on target attacking creature. It becomes an Angel in addition to its other types.",1,2,rare,mh3,Ryan Valle,Creature,Human Cleric
00212714-a410-4cbc-bf1c-f90d7d77378c,Harbinger of the Seas,{1}{U}{U},3.0,Nonbasic lands are Islands.,2,2,rare,mh3,Winona Nelson,Creature,Merfolk Wizard
7baf9549-1869-4bd3-a52a-2f0b30ba0b16,"Herigast, Erupting Nullkite",{9},9.0,"Emerge {6}{R}{R} (You may cast this spell by sacrificing a creature and paying the emerge cost reduced by that creature's mana value.)
When you cast this spell, you may exile your hand. If you do, draw three cards.
Flying
Each creature spell you cast has emerge. The emerge cost is equal to its mana cost.",6,6,mythic,mh3,Lucas Graciano,Legendary Creature,Eldrazi Dragon
20a85b6d-fb2b-4359-9dd6-081d8722e580,Hexgold Slith,{1}{W},2.0,"When this creature enters, you get {E}{E} (two energy counters).
Whenever this creature attacks, you may pay {E}{E}. If you do, it gains first strike until end of turn.
Whenever this creature deals combat damage to a player, put a +1/+1 counter on it.",2,1,common,mh3,Michele Giorgi,Creature,Slith
26973cad-26d7-4d42-a58a-85c3dce3b9fd,Hope-Ender Coatl,{2}{U},3.0,"Devoid (This card has no color.)
Flash
When you cast this spell, counter target spell an opponent controls unless they pay {1}.
Flying",2,2,uncommon,mh3,Filip Burburan,Creature,Eldrazi Snake
62b69aaf-0aae-4f6e-a27f-0129882dfe1d,Horrid Shadowspinner,{1}{U}{B},3.0,"Lifelink
Whenever this creature attacks, you may draw cards equal to its power. If you do, discard that many cards.",2,3,uncommon,mh3,Ben Wootten,Creature,Horror
cfa6ed13-7bba-40c0-8e0e-4ffd3cea6241,Horrific Assault,{G},1.0,"Target creature you control deals damage equal to its power to target creature or planeswalker you don't control. If you control an Eldrazi, you gain 3 life.",N/A,N/A,common,mh3,Justine Jones,Sorcery,N/A
9d28ae5c-eec3-445a-81d6-42bf9789afce,Hydra Trainer,{1}{G},2.0,"You may exert this creature as it attacks. When you do, target creature gets +X/+X until end of turn, where X is the number of counters on permanents you control. (An exerted creature won't untap during your next untap step.)
{2}{G}: Adapt 2. (If this creature has no +1/+1 counters on it, put two +1/+1 counters on it.)",1,1,uncommon,mh3,Ryan Pancoast,Creature,Human Warrior
8689ecd7-e9a6-458b-99d2-6dbaca527f00,Hydroelectric Specimen // Hydroelectric Laboratory,N/A,3.0,,N/A,N/A,uncommon,mh3,Raoul Vitale,Creature,Weird // Land
d5e1ff6d-190a-497f-89c3-35e0979c93b5,Idol of False Gods,{2},2.0,"{1}{C}, {T}: Create a 0/1 colorless Eldrazi Spawn creature token with ""Sacrifice this token: Add {C}.""
Whenever another Eldrazi you control dies, put a +1/+1 counter on this artifact.
As long as this artifact has eight or more +1/+1 counters on it, it's a 0/0 creature in addition to its other types and it has annihilator 2.",N/A,N/A,uncommon,mh3,Nicholas Gregory,Kindred Artifact,Eldrazi
541209fa-38b6-4d61-a72d-26bfb6ad5ead,Imskir Iron-Eater,{6}{B}{R},8.0,"Affinity for artifacts (This spell costs {1} less to cast for each artifact you control.)
When Imskir enters, you draw X cards and you lose X life, where X is half the number of artifacts you control, rounded down.
{3}{R}, Sacrifice an artifact: Imskir deals damage equal to the sacrificed artifact's mana value to any target.",5,5,rare,mh3,Xavier Ribeiro,Legendary Creature,Demon
bfdbef00-bc1b-4dd6-aef5-aeb5ce454344,Indebted Spirit,{W},1.0,"Bestow {2}{W} (If you cast this card for its bestow cost, it's an Aura spell with enchant creature. It becomes a creature again if it's not attached.)
Afterlife 1 (When this permanent is put into a graveyard from the battlefield, create a 1/1 white and black Spirit creature token with flying.)
Enchanted creature gets +1/+1 and has afterlife 1.",1,1,uncommon,mh3,LA Draws,Enchantment Creature,Spirit
6b30243d-511b-47b8-bbed-0395d3de903d,Infernal Captor,{3}{R},4.0,"Exploit (When this creature enters, you may sacrifice a creature.)
When this creature exploits a creature, gain control of target artifact or creature until end of turn. Untap that permanent. It gains haste until end of turn.",3,3,common,mh3,Josu Hernaiz,Creature,Devil Rogue
9143fc7c-f4eb-4f06-97b9-f912237a055f,Inspired Inventor,{2}{W},3.0,"When this creature enters, choose one —
• You get {E}{E}{E} (three energy counters).
• Put a +1/+1 counter on target creature.
• Create a 1/1 colorless Servo artifact creature token.",2,2,common,mh3,Ryan Valle,Creature,Human Artificer
3b2f918c-bd02-4a63-b4c2-ca204c77b208,Inventor's Axe,{R},1.0,"Flash
When this Equipment enters, you get {E}{E} (two energy counters).
When this Equipment enters, attach it to target creature you control.
Equipped creature gets +2/+0.
Equip—Pay {E}{E}.",N/A,N/A,common,mh3,Filipe Pagliuso,Artifact,Equipment
dcee6a8a-c3a8-43bc-beb9-be30d03ab952,Invert Polarity,{U}{U}{R},3.0,"Choose target spell, then flip a coin. If you win the flip, gain control of that spell and you may choose new targets for it. If you lose the flip, counter that spell.",N/A,N/A,rare,mh3,Leonardo Santanna,Instant,N/A
64daf0ac-678b-4683-9351-a6daf9c9f849,Island,,0.0,({T}: Add {U}.),N/A,N/A,common,mh3,Alayna Danner,Basic Land,Island
c8c47679-0fac-466f-be3c-794f23576e55,It That Heralds the End,{1}{C},2.0,"Colorless spells you cast with mana value 7 or greater cost {1} less to cast.
Other colorless creatures you control get +1/+1.",2,2,uncommon,mh3,Alex Konstad,Creature,Eldrazi Drone
c6d9537d-c6b9-46ef-834b-87750d79f1ae,Izzet Generatorium,{U}{R},2.0,"If you would get one or more {E} (energy counters), you get that many plus one {E} instead.
{T}: Draw a card. Activate only if you've paid or lost four or more {E} this turn.",N/A,N/A,uncommon,mh3,Yeong-Hao Han,Artifact,N/A
d423365c-a32c-4060-b178-3221e3200387,Jet Medallion,{2},2.0,Black spells you cast cost {1} less to cast.,N/A,N/A,rare,mh3,Daniel Ljunggren,Artifact,N/A
f773a79f-ad0f-45c9-bcf5-44ba5e992729,Jolted Awake,{W},1.0,"Choose up to one target artifact or creature card in your graveyard. You get {E}{E} (two energy counters). Then you may pay an amount of {E} equal to that card's mana value. If you do, return it from your graveyard to the battlefield.
Cycling {2} ({2}, Discard this card: Draw a card.)",N/A,N/A,common,mh3,Steven Russell Black,Sorcery,N/A
6b5d53cb-bf80-43b0-b839-b11a64ff4c1b,Junk Diver,{3},3.0,"Flying
When this creature dies, return another target artifact card from your graveyard to your hand.",1,1,uncommon,mh3,Eric Peterson,Artifact Creature,Bird
e71c8c39-3fbb-4a42-9cf6-b3224f5a56fc,Kaalia of the Vast,{1}{R}{W}{B},4.0,"Flying
Whenever Kaalia attacks an opponent, you may put an Angel, Demon, or Dragon creature card from your hand onto the battlefield tapped and attacking that opponent.",2,2,mythic,mh3,Justyna Dura,Legendary Creature,Human Cleric
a2958c96-97f8-4961-813c-938b83e20d07,Kami of Jealous Thirst,{2}{B},3.0,"Deathtouch
{4}{B}: Each opponent loses 2 life and you gain 2 life. This ability costs {4}{B} less to activate if you've drawn three or more cards this turn. Activate only once each turn.",1,3,common,mh3,Xavier Ribeiro,Creature,Spirit
6ddc2852-11c4-40da-b26f-6f236349f608,Kappa Cannoneer,{5}{U},6.0,"Improvise (Your artifacts can help cast this spell. Each artifact you tap after you're done activating mana abilities pays for {1}.)
Ward {4}
Whenever this creature or another artifact you control enters, put a +1/+1 counter on this creature. It can't be blocked this turn.",4,4,rare,mh3,Jesper Ejsing,Artifact Creature,Turtle Warrior
92585587-cfdc-406a-9114-4f6dd8802c37,Kozilek's Command,{X}{C}{C},2.0,"Choose two —
• Target player creates X 0/1 colorless Eldrazi Spawn creature tokens with ""Sacrifice this token: Add {C}.""
• Target player scries X, then draws a card.
• Exile target creature with mana value X or less.
• Exile up to X target cards from graveyards.",N/A,N/A,rare,mh3,Yeong-Hao Han,Kindred Instant,Eldrazi
e6b44ffe-db9e-4db5-9806-098411c9ece0,Kozilek's Unsealing,{2}{U},3.0,"Devoid (This card has no color.)
Whenever you cast a creature spell with mana value 4, 5, or 6, create two 0/1 colorless Eldrazi Spawn creature tokens with ""Sacrifice this token: Add {C}.""
Whenever you cast a creature spell with mana value 7 or greater, draw three cards.",N/A,N/A,uncommon,mh3,Raph Lomotan,Enchantment,N/A
04066abb-44d2-4730-9cc3-2584bc4c7d8c,"Kozilek, the Broken Reality",{9},9.0,"When you cast this spell, up to two target players each manifest two cards from their hands. For each card manifested this way, you draw a card. (To manifest a card, put it onto the battlefield face down as a 2/2 creature. Turn it face up any time for its mana cost if it's a creature card.)
Other colorless creatures you control get +3/+2.",9,9,mythic,mh3,Brent Hollowell,Legendary Creature,Eldrazi
4f087b1c-97e0-4379-a94d-beac53685314,"K'rrik, Son of Yawgmoth",{4}{B/P}{B/P}{B/P},7.0,"({B/P} can be paid with either {B} or 2 life.)
Lifelink
For each {B} in a cost, you may pay 2 life rather than pay that mana.
Whenever you cast a black spell, put a +1/+1 counter on K'rrik.",2,2,rare,mh3,Chase Stone,Legendary Creature,Phyrexian Horror Minion
585e4e02-4873-4a65-a9ad-30cf0d5b6f79,"Kudo, King Among Bears",{G}{W},2.0,Other creatures have base power and toughness 2/2 and are Bears in addition to their other types.,2,2,rare,mh3,Ekaterina Burmak,Legendary Creature,Bear
afeb2fe4-f0ef-4366-a568-c36b538f0196,"Laelia, the Blade Reforged",{2}{R},3.0,"Haste
Whenever Laelia attacks, exile the top card of your library. You may play that card this turn.
Whenever one or more cards are put into exile from your library and/or your graveyard, put a +1/+1 counter on Laelia.",2,2,rare,mh3,Wisnu Tan,Legendary Creature,Spirit Warrior
7676abd9-0a3d-4721-b17b-778d2e3c2e25,Legion Leadership // Legion Stronghold,N/A,2.0,,N/A,N/A,uncommon,mh3,Ryan Valle,Instant // Land,N/A
657f52a0-f6fb-4ad8-8d50-c8209de95ab8,Lethal Throwdown,{B},1.0,"As an additional cost to cast this spell, sacrifice a creature or sacrifice a modified creature. (Equipment, Auras you control, and counters are modifications.)
Destroy target creature or planeswalker. If the modified creature was sacrificed, draw a card.",N/A,N/A,uncommon,mh3,Aaron J. Riley,Sorcery,N/A
89d58e9b-b1d9-4174-a30d-426d2e0ace07,Lion Umbra,{G}{G},2.0,"Enchant modified creature (Equipment, Auras its controller controls, and counters are modifications.)
Enchanted creature gets +3/+3 and has vigilance and reach.
Umbra armor (If enchanted creature would be destroyed, instead remove all damage from it and destroy this Aura.)",N/A,N/A,uncommon,mh3,Julia Metzger,Enchantment,Aura
a178cfe8-f9fa-4255-88d0-54a0bed079f5,Malevolent Rumble,{1}{G},2.0,"Reveal the top four cards of your library. You may put a permanent card from among them into your hand. Put the rest into your graveyard. Create a 0/1 colorless Eldrazi Spawn creature token with ""Sacrifice this token: Add {C}.""",N/A,N/A,common,mh3,Néstor Ossandón Leal,Sorcery,N/A
6b922f71-18e6-4a74-b792-d477d4a1deca,Mandibular Kite,{W},1.0,"Living weapon (When this Equipment enters, create a 0/0 black Phyrexian Germ creature token, then attach this to it.)
Equipped creature gets +1/+1 and has flying.
Equip {3}{W}",N/A,N/A,common,mh3,Bruno Biazotto,Artifact,Equipment
d16f8670-f038-400a-83e7-a53a7f8c47ac,Marionette Apprentice,{1}{B},2.0,"Fabricate 1 (When this creature enters, put a +1/+1 counter on it or create a 1/1 colorless Servo artifact creature token.)
Whenever another creature or artifact you control is put into a graveyard from the battlefield, each opponent loses 1 life.",1,2,uncommon,mh3,Steve Ellis,Creature,Human Artificer
173369d2-dc39-4bfe-a602-b47156570365,Meltdown,{X}{R},1.0,Destroy each artifact with mana value X or less.,N/A,N/A,uncommon,mh3,Donato Giancola,Sorcery,N/A
774e115a-c0dc-4901-9a1f-87754304e378,Metastatic Evangel,{1}{W},2.0,"Whenever another nontoken creature you control enters, proliferate. (Choose any number of permanents and/or players, then give each another counter of each kind already there.)",3,1,uncommon,mh3,Volkan Baǵa,Creature,Phyrexian Human Cleric
3fb34a09-d911-49ac-ac39-fad7ee1b41ef,Meteoric Mace,{4}{R}{R},6.0,"Equipped creature gets +4/+0 and has trample.
Equip {4}
Cascade (When you cast this spell, exile cards from the top of your library until you exile a nonland card that costs less. You may cast it without paying its mana cost. Put the exiled cards on the bottom in a random order.)",N/A,N/A,uncommon,mh3,Randy Vargas,Artifact,Equipment
1af5b195-101a-4265-98a7-522a968cf218,Mindless Conscription,{2}{B},3.0,"When this enchantment enters and whenever you draw your third card each turn, amass Zombies 3. (Put three +1/+1 counters on an Army you control. It's also a Zombie. If you don't control an Army, create a 0/0 black Zombie Army creature token first.)",N/A,N/A,uncommon,mh3,Warren Mahy,Enchantment,N/A
f1457aa8-9f70-4586-b595-6a722879f6ae,Mogg Mob,{R}{R}{R},3.0,"Sacrifice this creature: It deals 3 damage divided as you choose among one, two, or three targets.",3,3,uncommon,mh3,Joseph Weston,Creature,Goblin
9f5ba065-2806-4e99-a330-168cfe76250f,Molten Gatekeeper,{2}{R},3.0,"Whenever another creature you control enters, this creature deals 1 damage to each opponent.
Unearth {R} ({R}: Return this card from your graveyard to the battlefield. It gains haste. Exile it at the beginning of the next end step or if it would leave the battlefield. Unearth only as a sorcery.)",2,3,common,mh3,Joe Slucher,Artifact Creature,Golem
162fcdec-bf3c-43ba-9ada-212f7dec5fbd,Monstrous Vortex,{3}{G},4.0,"Whenever you cast a creature spell with power 5 or greater, discover X, where X is that spell's mana value. (Exile cards from the top of your library until you exile a nonland card with that mana value or less. Cast it without paying its mana cost or put it into your hand. Put the rest on the bottom in a random order.)",N/A,N/A,uncommon,mh3,Deruchenko Alexander,Enchantment,N/A
62907e7b-e531-4f51-9a69-7e60ae525775,Monumental Henge,,0.0,"This land enters tapped unless you control a Plains.
{T}: Add {W}.
{2}{W}{W}, {T}: Look at the top five cards of your library. You may reveal a historic card from among them and put it into your hand. Put the rest on the bottom of your library in a random order. (Artifacts, legendaries, and Sagas are historic.)",N/A,N/A,rare,mh3,Steven Belledin,Land,N/A
186e36d5-3f1d-4423-a8db-f4c38898fa30,Mountain,,0.0,({T}: Add {R}.),N/A,N/A,common,mh3,Carlos Palma Cruchaga,Basic Land,Mountain
a37510bb-245c-47bc-bbf3-2b202b67d383,Muster the Departed,{2}{W},3.0,"When this enchantment enters, create a 1/1 white Spirit creature token with flying.
Morbid — At the beginning of your end step, if a creature died this turn, populate. (Create a token that's a copy of a creature token you control.)",N/A,N/A,uncommon,mh3,Andrew Mar,Enchantment,N/A
bc9926d7-91b7-4067-b590-a0430bf68d16,Nadier's Nightblade,{2}{B},3.0,"Whenever a token you control leaves the battlefield, each opponent loses 1 life and you gain 1 life.",1,3,uncommon,mh3,Randy Vargas,Creature,Elf Warrior
94b67489-5eb0-4406-9bf3-27e50dc632eb,"Nadu, Winged Wisdom",{1}{G}{U},3.0,"Flying
Creatures you control have ""Whenever this creature becomes the target of a spell or ability, reveal the top card of your library. If it's a land card, put it onto the battlefield. Otherwise, put it into your hand. This ability triggers only twice each turn.""",3,4,rare,mh3,Daren Bader,Legendary Creature,Bird Wizard
ffc0109c-f939-4424-820e-d6e60cacd794,Necrodominance,{B}{B}{B},3.0,"Skip your draw step.
At the beginning of your end step, you may pay any amount of life. If you do, draw that many cards.
Your maximum hand size is five.
If a card or token would be put into your graveyard from anywhere, exile it instead.",N/A,N/A,mythic,mh3,Robin Olausson,Legendary Enchantment,N/A
7f1d8a22-e730-4344-bba9-7c495500f065,Nesting Grounds,,0.0,"{T}: Add {C}.
{1}, {T}: Move a counter from target permanent you control onto another target permanent. Activate only as a sorcery.",N/A,N/A,uncommon,mh3,Yeong-Hao Han,Land,N/A
3ee3945e-5089-4751-b7b3-5961c39d2a33,Nethergoyf,{B},1.0,"Nethergoyf's power is equal to the number of card types among cards in your graveyard and its toughness is equal to that number plus 1.
Escape—{2}{B}, Exile any number of other cards from your graveyard with four or more card types among them. (You may cast this card from your graveyard for its escape cost.)",*,1+*,mythic,mh3,Xavier Ribeiro,Creature,Lhurgoyf
71f9252d-241f-45ea-9d80-663150963b59,Nightshade Dryad,{1}{G},2.0,"Deathtouch
{T}: Add {C}.
{T}: Add one mana of any color.",1,2,common,mh3,Bastien L. Deharme,Creature,Dryad
4d9f1bb8-c91b-40cd-a416-abbff0d65306,Nulldrifter,{7},7.0,"When you cast this spell, draw two cards.
Flying
Annihilator 1 (Whenever this creature attacks, defending player sacrifices a permanent of their choice.)
Evoke {2}{U} (You may cast this spell for its evoke cost. If you do, it's sacrificed when it enters.)",4,4,rare,mh3,Johann Bodin,Creature,Eldrazi Elemental
8e259868-d29a-4c03-8ec3-49e914f849fb,Null Elemental Blast,{C},1.0,"Choose one —
• Counter target multicolored spell.
• Destroy target multicolored permanent.",N/A,N/A,uncommon,mh3,Milivoj Ćeran,Instant,N/A
902a969e-9f22-4e92-93eb-9d4536ca82e5,Nyxborn Hydra,{X}{G},1.0,"Bestow {X}{G}{G} (If you cast this card for its bestow cost, it's an Aura spell with enchant creature. It becomes a creature again if it's not attached.)
Reach, trample
This permanent enters with X +1/+1 counters on it.
Enchanted creature gets +1/+1 for each +1/+1 counter on this Aura and has reach and trample.",0,1,common,mh3,Vincent Christiaens,Enchantment Creature,Hydra
fa3a9f8f-b74f-44f1-a8b5-d21a55358a6c,Nyxborn Unicorn,{1}{W},2.0,"Bestow {3}{W} (If you cast this card for its bestow cost, it's an Aura spell with enchant creature. It becomes a creature again if it's not attached.)
Mentor (Whenever this creature attacks, put a +1/+1 counter on target attacking creature with lesser power.)
Enchanted creature gets +2/+2 and has mentor.",2,2,common,mh3,"Josiah ""Jo"" Cameron",Enchantment Creature,Unicorn
40cf39f2-7382-405d-a14b-7eb8726cd38a,Obstinate Gargoyle,{1}{W}{B},3.0,"This creature has flying as long as it's modified. (Equipment, Auras you control, and counters are modifications.)
Persist (When this creature dies, if it had no -1/-1 counters on it, return it to the battlefield under its owner's control with a -1/-1 counter on it.)",2,2,common,mh3,Craig J Spearing,Artifact Creature,Gargoyle
89cf6f57-230f-497e-a14e-ad1e8737fd42,Ocelot Pride,{W},1.0,"First strike, lifelink
Ascend (If you control ten or more permanents, you get the city's blessing for the rest of the game.)
At the beginning of your end step, if you gained life this turn, create a 1/1 white Cat creature token. Then if you have the city's blessing, for each token you control that entered this turn, create a token that's a copy of it.",1,1,mythic,mh3,Chris Seaman,Creature,Cat
27912e61-97ef-406b-bb88-4fe89a54726e,Ondu Knotmaster // Throw a Line,{2}{W}{B} // {W}{B},4.0,,2,2,uncommon,mh3,Jarel Threat,Creature,Kor Rogue // Sorcery — Adventure
a402cff8-be7f-4473-b880-a6a2eedfda86,Ophiomancer,{2}{B},3.0,"At the beginning of each upkeep, if you control no Snakes, create a 1/1 black Snake creature token with deathtouch.",2,2,rare,mh3,John Stanko,Creature,Human Shaman
ee241079-1e5a-4224-b9cb-4fd3e0da687c,Orim's Chant,{W},1.0,"Kicker {W} (You may pay an additional {W} as you cast this spell.)
Target player can't cast spells this turn. If this spell was kicked, creatures can't attack this turn.",N/A,N/A,rare,mh3,Kev Walker,Instant,N/A
b7f8bb8d-c46a-4531-9525-6981a222b468,Party Thrasher,{1}{R},2.0,"Noncreature spells you cast from exile have convoke. (Each creature you tap while casting a noncreature spell from exile pays for {1} or one mana of that creature's color.)
At the beginning of your first main phase, you may discard a card. If you do, exile the top two cards of your library, then choose one of them. You may play that card this turn.",1,4,rare,mh3,Leanna Crossan,Creature,Lizard Wizard
28493c98-a11c-4bcc-bf55-412c884ffa7a,Path of Annihilation,{3}{G},4.0,"Devoid (This card has no color.)
When this enchantment enters, create two 0/1 colorless Eldrazi Spawn creature tokens with ""Sacrifice this token: Add {C}.""
Eldrazi you control have ""{T}: Add one mana of any color.""
Whenever you cast a creature spell with mana value 7 or greater, you gain 4 life.",N/A,N/A,uncommon,mh3,Ben Hill,Enchantment,N/A
28aef7c8-58b3-463c-91d3-2d1ff8a815ee,"Pearl-Ear, Imperial Advisor",{1}{W}{W},3.0,"Lifelink
Enchantment spells you cast have affinity for Auras. (They cost {1} less to cast for each Aura you control.)
Whenever you cast an Aura spell that targets a modified permanent you control, draw a card. (Equipment, Auras you control, and counters are modifications.)",3,4,rare,mh3,Fajareka Setiawan,Legendary Creature,Fox Advisor
1225264f-b298-4b56-b208-c5da87bd6867,Pearl Medallion,{2},2.0,White spells you cast cost {1} less to cast.,N/A,N/A,rare,mh3,Daniel Ljunggren,Artifact,N/A
4b0bd07e-cf80-4d64-af29-f4cec6632b3e,Perilous Landscape,,0.0,"{T}: Add {C}.
{T}, Sacrifice this land: Search your library for a basic Island, Mountain, or Plains card, put it onto the battlefield tapped, then shuffle.
Cycling {U}{R}{W} ({U}{R}{W}, Discard this card: Draw a card.)",N/A,N/A,common,mh3,Alayna Danner,Land,N/A
f0f2bdfd-1cbc-456e-aba7-4e0b6485cf8a,Petrifying Meddler,{4}{U},5.0,"Devoid (This card has no color.)
When you cast this spell, tap up to one target creature and put a stun counter on it. (If a permanent with a stun counter would become untapped, remove one from it instead.)
Reach",4,5,common,mh3,Mathias Kollros,Creature,Eldrazi
55707746-da6e-46e5-a5ca-7ac843fdc38e,"Phelia, Exuberant Shepherd",{1}{W},2.0,"Flash
Whenever Phelia attacks, exile up to one other target nonland permanent. At the beginning of the next end step, return that card to the battlefield under its owner's control. If it entered under your control, put a +1/+1 counter on Phelia.",2,2,rare,mh3,Rudy Siswanto,Legendary Creature,Dog
e419cd0b-2449-4cc5-9ead-b9e45e271700,"Phlage, Titan of Fire's Fury",{1}{R}{W},3.0,"When Phlage enters, sacrifice it unless it escaped.
Whenever Phlage enters or attacks, it deals 3 damage to any target and you gain 3 life.
Escape—{R}{R}{W}{W}, Exile five other cards from your graveyard. (You may cast this card from your graveyard for its escape cost.)",6,6,mythic,mh3,Lucas Graciano,Legendary Creature,Elder Giant
6d64e1a8-cb4f-4968-b3e0-c9ca7c7894a3,Phyrexian Ironworks,{2}{R},3.0,"Whenever you attack, you get {E} (an energy counter).
{T}, Pay {E}{E}{E}: Create a 3/3 colorless Phyrexian Golem artifact creature token. Activate only as a sorcery.",N/A,N/A,uncommon,mh3,Mathias Kollros,Artifact,N/A
0b47f6d2-9f65-47a4-bfc4-15619befe53d,Phyrexian Tower,,0.0,"{T}: Add {C}.
{T}, Sacrifice a creature: Add {B}{B}.",N/A,N/A,mythic,mh3,Martin de Diego Sádaba,Legendary Land,N/A
24d4f26e-7f96-4b38-867e-4fac819b2679,Pinnacle Monk // Mystic Peak,N/A,5.0,,N/A,N/A,uncommon,mh3,Jason A. Engle,Creature,Djinn Monk // Land
e0281fba-d771-4431-931f-920db2f14c47,Plains,,0.0,({T}: Add {W}.),N/A,N/A,common,mh3,Volkan Baǵa,Basic Land,Plains
7fc9a10b-c9f9-4129-a671-ced0917ce78b,Planar Genesis,{G}{U},2.0,"Look at the top four cards of your library. You may put a land card from among them onto the battlefield tapped. If you don't, put a card from among them into your hand. Put the rest on the bottom of your library in a random order.",N/A,N/A,uncommon,mh3,Liiga Smilshkalne,Instant,N/A
6e288374-2b71-4ace-b1d2-a19fee6cb4af,Polluted Delta,,0.0,"{T}, Pay 1 life, Sacrifice this land: Search your library for an Island or Swamp card, put it onto the battlefield, then shuffle.",N/A,N/A,rare,mh3,Chris Ostrowski,Land,N/A
aff7c0bb-1210-4aeb-b5f8-1387eb633b0f,Powerbalance,{R}{R},2.0,"Whenever an opponent casts a spell, you may reveal the top card of your library. If you do, you may cast that card without paying its mana cost if the two spells have the same mana value.",N/A,N/A,rare,mh3,Steve Ellis,Enchantment,N/A
eb11921b-1b28-483f-a707-4de21a6daa31,Priest of Titania,{1}{G},2.0,{T}: Add {G} for each Elf on the battlefield.,1,1,uncommon,mh3,Rebecca Guay,Creature,Elf Druid
c4eda3db-b47d-4f1e-a93d-e2ea747d935c,Primal Prayers,{2}{G}{G},4.0,"When this enchantment enters, you get {E}{E} (two energy counters).
You may cast creature spells with mana value 3 or less by paying {E} rather than paying their mana costs. If you cast a spell this way, you may cast it as though it had flash.",N/A,N/A,rare,mh3,Yeong-Hao Han,Enchantment,N/A
4f5b2d89-d641-4815-8e6c-5dba0d31419e,Propagator Drone,{1}{G},2.0,"Devoid (This card has no color.)
Creature tokens you control have evolve. (They have ""Whenever a creature you control enters, if it has greater power or toughness than this token, put a +1/+1 counter on this token."" They see this creature enter.)
{3}{G}: Create a 0/1 colorless Eldrazi Spawn creature token with ""Sacrifice this token: Add {C}.""",2,2,uncommon,mh3,Johann Bodin,Creature,Eldrazi Drone
0821e622-88b8-4b82-a696-954da1dde915,Proud Pack-Rhino,{2}{W},3.0,"When this creature enters, choose one —
• Put a shield counter on target permanent. (If it would be dealt damage or destroyed, remove a shield counter from it instead.)
• Proliferate. (Choose any number of permanents and/or players, then give each another counter of each kind already there.)",3,3,uncommon,mh3,Ron Spears,Creature,Rhino
68924203-c3d9-41ce-8ca8-c6dd491eb3ca,Psychic Frog,{U}{B},2.0,"Whenever this creature deals combat damage to a player or planeswalker, draw a card.
Discard a card: Put a +1/+1 counter on this creature.
Exile three cards from your graveyard: This creature gains flying until end of turn.",1,2,rare,mh3,Pete Venters,Creature,Frog
5968f641-48b5-4b97-8072-ddd8073cd4d7,Pyretic Rebirth,{2}{B}{R},4.0,Return target artifact or creature card from your graveyard to your hand. Pyretic Rebirth deals damage equal to that card's mana value to up to one target creature or planeswalker.,N/A,N/A,uncommon,mh3,Richard Kane Ferguson,Instant,N/A
813020ef-9d98-4f79-a953-85e7e7e5d3e1,Quest for the Necropolis,{B},1.0,"Landfall — Whenever a land you control enters, put a quest counter on this enchantment.
{5}{B}, Sacrifice this enchantment: Put target creature card from a graveyard onto the battlefield under your control. This ability costs {1} less to activate for each quest counter on this enchantment. Activate only as a sorcery.",N/A,N/A,uncommon,mh3,Jorge Jacinto,Enchantment,N/A
ebadb7dc-69a4-43c9-a2f8-d846b231c71c,Ral and the Implicit Maze,{3}{R}{R},5.0,"(As this Saga enters and after your draw step, add a lore counter. Sacrifice after III.)
I — This Saga deals 2 damage to each creature and planeswalker your opponents control.
II — You may discard a card. If you do, exile the top two cards of your library. You may play them until the end of your next turn.
III — Create a Spellgorger Weird token. (It's a {2}{R} 2/2 Weird creature with ""Whenever you cast a noncreature spell, put a +1/+1 counter on Spellgorger Weird."")",N/A,N/A,uncommon,mh3,Andrew Mar,Enchantment,Saga
438d8a26-ddc9-4829-8aff-22d6af6575cf,"Ral, Monsoon Mage // Ral, Leyline Prodigy",N/A,2.0,,N/A,N/A,mythic,mh3,Dmitry Burmak,Legendary Creature,Human Wizard // Legendary Planeswalker — Ral
57065dca-f90e-4184-bbc4-95d726a4160b,Razorgrass Ambush // Razorgrass Field,N/A,2.0,,N/A,N/A,uncommon,mh3,Cristi Balanescu,Instant // Land,N/A
2d1bb8ac-7125-4537-b2da-e23a8c28df79,Reckless Pyrosurfer,{1}{R},2.0,"Haste
Landfall — Whenever a land you control enters, this creature gains battle cry until end of turn. (Whenever this creature attacks, each other attacking creature gets +1/+0 until end of turn. Each instance of battle cry triggers separately.)",2,2,uncommon,mh3,LA Draws,Creature,Human Scout
8e4c6ba1-1abc-478f-9b7c-97e9e3c92fb0,Recruiter of the Guard,{2}{W},3.0,"When this creature enters, you may search your library for a creature card with toughness 2 or less, reveal it, put it into your hand, then shuffle.",1,1,mythic,mh3,Eric Wilkerson,Creature,Human Soldier
25576181-a5a4-4baf-a2b4-fbfe13fb9df6,Reef Worm,{3}{U},4.0,"When this creature dies, create a 3/3 blue Fish creature token with ""When this token dies, create a 6/6 blue Whale creature token with 'When this token dies, create a 9/9 blue Kraken creature token.'""",0,1,uncommon,mh3,Dan Murayama Scott,Creature,Worm
b338e078-629c-4cac-bd1d-e1f0a132728d,Refurbished Familiar,{3}{B},4.0,"Affinity for artifacts (This spell costs {1} less to cast for each artifact you control.)
Flying
When this creature enters, each opponent discards a card. For each opponent who can't, you draw a card.",2,1,common,mh3,Steve Ellis,Artifact Creature,Zombie Rat
51f57902-85d1-4c40-b79c-6cffafb4557a,Reiterating Bolt,{1}{R},2.0,"Replicate—Pay {E}{E}{E}. (When you cast this spell, copy it for each time you paid its replicate cost. You may choose new targets for the copies.)
Reiterating Bolt deals 3 damage to target creature or planeswalker.",N/A,N/A,uncommon,mh3,G-host Lee,Sorcery,N/A
12c1b83d-710b-4680-855a-02ba1f72abf0,Retrofitted Transmogrant,{B},1.0,{3}{B}: Return this card from your graveyard to the battlefield tapped with two +1/+1 counters on it.,1,1,common,mh3,Kekai Kotaki,Artifact Creature,Zombie
03522b6b-31ec-4126-8885-5dbb2248688b,Revitalizing Repast // Old-Growth Grove,N/A,1.0,,N/A,N/A,uncommon,mh3,Raoul Vitale,Instant // Land,N/A
4e72a934-12e0-4e56-af67-566c2d5b01c1,Riddle Gate Gargoyle,{W}{U},2.0,"Flying
When this creature enters, you get {E}{E}{E} (three energy counters).
Whenever you attack, you may pay {E}{E}. When you do, target creature you control gains lifelink until end of turn.",2,2,common,mh3,Bartek Fedyczak,Artifact Creature,Gargoyle
a201d1bc-e3fe-4f59-bd48-3683996ac308,Ripples of Undeath,{1}{B},2.0,"At the beginning of your first main phase, mill three cards. Then you may pay {1} and 3 life. If you do, put a card from among those cards into your hand.",N/A,N/A,rare,mh3,Ben Wootten,Enchantment,N/A
84317f9d-5a24-4f74-9c3e-0a8b5c15bb5f,Roil Cartographer,{1}{U},2.0,"Landfall — Whenever a land you control enters, you get {E} (an energy counter).
{T}, Pay six {E}: Draw three cards.",1,3,uncommon,mh3,Miranda Meeks,Creature,Merfolk Rogue
9ae7df20-1ccf-459b-b81c-ab8763c77ccf,Rosecot Knight,{4}{W},5.0,"Vigilance
When this creature enters, look at the top six cards of your library. You may reveal an artifact or enchantment card from among them and put it into your hand. Put the rest on the bottom of your library in a random order. If you didn't put a card into your hand this way, put a +1/+1 counter on this creature.",3,4,common,mh3,Drew Baker,Creature,Human Knight
b5ac88b2-a92e-4a12-9ba3-5a4b8cdb58dc,"Rosheen, Roaring Prophet",{2}{R}{G},4.0,"When Rosheen enters, mill six cards. You may put a card with {X} in its mana cost from among them into your hand.
{T}: Reveal any number of cards with {X} in their mana cost in your hand. Add {C}{C} for each card revealed this way. Spend this mana only on costs that contain {X}.",4,4,rare,mh3,Fang Xinyu,Legendary Creature,Giant Shaman
630febf5-58ff-4dab-a5a8-575ebc5435a6,Ruby Medallion,{2},2.0,Red spells you cast cost {1} less to cast.,N/A,N/A,rare,mh3,Daniel Ljunggren,Artifact,N/A
70a25a3a-c12a-49d3-8a91-a108dfa9d3c5,Rush of Inspiration // Crackling Falls,N/A,3.0,,N/A,N/A,uncommon,mh3,Jorge Jacinto,Instant // Land,N/A
9f481ab3-ca6c-4a5c-aa32-d087464fc4da,Sage of the Unknowable,{1}{U},2.0,{T}: Add {C}. Spend this mana only to cast a colorless spell or to activate an ability.,0,4,common,mh3,Josu Hernaiz,Creature,Human Wizard
a77850b2-6478-449e-bdb9-5b92650e3504,Sapphire Medallion,{2},2.0,Blue spells you cast cost {1} less to cast.,N/A,N/A,rare,mh3,Daniel Ljunggren,Artifact,N/A
099c65d5-9dd3-41d3-9102-3f6cb30c7b8e,Sarpadian Simulacrum,{R},1.0,"Haste
{3}{R}, Sacrifice this creature: It deals 4 damage to target creature.",1,1,common,mh3,Forrest Schehl,Artifact Creature,Goblin
29e2805f-59fa-4a6d-97bc-266191b2aa8d,Scurrilous Sentry,{3}{B},4.0,"Menace
Whenever this creature enters or attacks, it connives. (Draw a card, then discard a card. If you discarded a nonland card, put a +1/+1 counter on this creature.)",2,3,common,mh3,Leonardo Santanna,Creature,Human Knight Rogue
470ce8e9-64b9-403c-bee0-66a4c47ca6d4,Scurry of Gremlins,{2}{R}{W},4.0,"When this enchantment enters, create two 1/1 red Gremlin creature tokens. Then you get an amount of {E} (energy counters) equal to the number of creatures you control.
Pay {E}{E}{E}{E}: Creatures you control get +1/+0 and gain haste until end of turn.",N/A,N/A,uncommon,mh3,Ben Wootten,Enchantment,N/A
661fc907-7003-45c6-820c-9616e9a71c30,Seething Landscape,,0.0,"{T}: Add {C}.
{T}, Sacrifice this land: Search your library for a basic Island, Swamp, or Mountain card, put it onto the battlefield tapped, then shuffle.
Cycling {U}{B}{R} ({U}{B}{R}, Discard this card: Draw a card.)",N/A,N/A,common,mh3,Piotr Dura,Land,N/A
08a587f5-5910-405e-8982-c889dbbc7f98,Serum Visionary,{2}{U},3.0,"When this creature enters, draw a card, then scry 2.",2,2,common,mh3,Warren Mahy,Creature,Vedalken Wizard
0f055754-58cf-474a-a3a9-59490dbf9dce,Sevinne's Reclamation,{2}{W},3.0,"Return target permanent card with mana value 3 or less from your graveyard to the battlefield. If this spell was cast from a graveyard, you may copy this spell and may choose a new target for the copy.
Flashback {4}{W} (You may cast this card from your graveyard for its flashback cost. Then exile it.)",N/A,N/A,rare,mh3,Zoltan Boros,Sorcery,N/A
0da72736-574d-4d99-98ba-3a91c374cd10,Shadow of the Second Sun,{4}{U}{U},6.0,"Enchant player
At the beginning of each of enchanted player's postcombat main phases, there is an additional beginning phase after this phase. (The end step happens after the added untap, upkeep, and draw steps.)",N/A,N/A,mythic,mh3,Danny Schwartz,Enchantment,Aura
b3da28c7-6e92-439d-a163-91682d4f11dc,Shattered Landscape,,0.0,"{T}: Add {C}.
{T}, Sacrifice this land: Search your library for a basic Mountain, Plains, or Swamp card, put it onto the battlefield tapped, then shuffle.
Cycling {R}{W}{B} ({R}{W}{B}, Discard this card: Draw a card.)",N/A,N/A,common,mh3,Erikas Perl,Land,N/A
0fe070f4-8877-4280-b8fd-869f3ac34ab6,Sheltering Landscape,,0.0,"{T}: Add {C}.
{T}, Sacrifice this land: Search your library for a basic Mountain, Forest, or Plains card, put it onto the battlefield tapped, then shuffle.
Cycling {R}{G}{W} ({R}{G}{W}, Discard this card: Draw a card.)",N/A,N/A,common,mh3,Erikas Perl,Land,N/A
059164e1-894d-4586-9800-e60d6fbd6eb6,Shifting Woodland,,0.0,"This land enters tapped unless you control a Forest.
{T}: Add {G}.
Delirium — {2}{G}{G}: This land becomes a copy of target permanent card in your graveyard until end of turn. Activate only if there are four or more card types among cards in your graveyard.",N/A,N/A,rare,mh3,Josu Hernaiz,Land,N/A
9e6aba35-bee5-4058-a2df-d73506d225c2,"Shilgengar, Sire of Famine",{3}{B}{B},5.0,"Flying
Sacrifice another creature: Create a Blood token. If you sacrificed an Angel this way, create a number of Blood tokens equal to its toughness instead.
{W/B}{W/B}{W/B}, Sacrifice six Blood tokens: Return each creature card from your graveyard to the battlefield with a finality counter on it. Those creatures are Vampires in addition to their other types.",6,6,rare,mh3,Chris Rallis,Legendary Creature,Elder Demon
9f1cc39f-898c-4e92-82a0-a17606b60574,Shrieking Drake,{U},1.0,"Flying
When this creature enters, return a creature you control to its owner's hand.",1,1,uncommon,mh3,Ian Miller,Creature,Drake
f33e3b25-76f5-4263-a309-9ea97f2d8248,Siege Smash,{1}{R},2.0,"Split second (As long as this spell is on the stack, players can't cast spells or activate abilities that aren't mana abilities.)
Choose one —
• Destroy target artifact.
• Target creature gets +3/+2 and gains trample until end of turn.",N/A,N/A,common,mh3,Joshua Cairos,Instant,N/A
634e05c9-96da-467a-870d-3af68da53071,Signature Slam,{2}{G},3.0,"Put a +1/+1 counter on target creature you control, then each modified creature you control deals damage equal to its power to target creature you don't control. (Equipment, Auras you control, and counters are modifications.)",N/A,N/A,uncommon,mh3,Slawomir Maniak,Instant,N/A
5358b87a-1a29-426d-b165-40c97da2c14d,Sink into Stupor // Soporific Springs,N/A,3.0,,N/A,N/A,uncommon,mh3,Peter Polach,Instant // Land,N/A
f9246b68-580f-4f53-883d-7900880e4b0d,Six,{2}{G},3.0,"Reach
Whenever Six attacks, mill three cards. You may put a land card from among them into your hand.
During your turn, nonland permanent cards in your graveyard have retrace. (You may cast permanent cards from your graveyard by discarding a land card in addition to paying their other costs.)",2,4,rare,mh3,Andrew Mar,Legendary Creature,Treefolk
a3a3b943-7b38-4316-87d9-15e0c08abea5,Skittering Precursor,{2}{R},3.0,"Devoid (This card has no color.)
Menace
Whenever you sacrifice a nontoken permanent, create a 0/1 colorless Eldrazi Spawn creature token with ""Sacrifice this token: Add {C}.""",3,3,uncommon,mh3,Tuan Duong Chu,Creature,Eldrazi Drone
cf34b0f8-a68a-428f-9f2c-9556229367ec,"Skoa, Embermage",{4}{R}{R},6.0,"When Skoa enters, it deals 4 damage to any target.
Grandeur — Discard another card named Skoa, Embermage, Sacrifice two Mountains: Skoa deals 4 damage to any target.",4,4,common,mh3,Kevin Sidharta,Legendary Creature,Goblin Wizard
7dad40bf-2cd0-47f5-a878-9a289d1d58d0,Smelted Chargebug,{1}{R},2.0,"Menace
When this creature enters, you get {E}{E} (two energy counters).
Whenever this creature attacks, you may pay {E}. If you do, another target attacking creature gets +1/+0 and gains menace until end of turn.",1,3,common,mh3,Jonas De Ro,Artifact Creature,Insect
9185371c-2dde-48ad-ab27-08be04b3c522,Snapping Voidcraw,{1}{G}{U},3.0,"Devoid (This card has no color.)
{T}: Add {C}{C}.
{3}{C}, {T}: Draw a card.",1,3,common,mh3,Camille Alquier,Creature,Eldrazi Turtle
0e3aedae-e4bb-48e3-9f8b-bea0430df306,Sneaky Snacker,{U}{B},2.0,"Flying
When you draw your third card in a turn, return this card from your graveyard to the battlefield tapped.",2,1,common,mh3,Irina Nordsol,Creature,Faerie Rogue
87870792-e429-4eba-8193-cdce5c7b6c55,Snow-Covered Wastes,,0.0,{T}: Add {C}.,N/A,N/A,uncommon,mh3,Mark Poole,Basic Snow Land,N/A
b87315b3-d3a3-4eef-8a20-90587b36f551,Solar Transformer,{2},2.0,"This artifact enters tapped.
When this artifact enters, you get {E}{E}{E} (three energy counters).
{T}: Add {C}.
{T}, Pay {E}: Add one mana of any color.",N/A,N/A,uncommon,mh3,Mike Bierek,Artifact,N/A
f10539e3-d4bc-4f71-a00f-8e94bb97509d,Solstice Zealot,{2}{W},3.0,"When this creature enters, you get {E}{E} (two energy counters).
{T}, Pay {E}: Tap target creature.",2,3,common,mh3,Steve Ellis,Creature,Rhino Cleric
1d7474fc-0042-4be9-81f3-5f66f4b16740,"Sorin of House Markov // Sorin, Ravenous Neonate",N/A,2.0,,N/A,N/A,mythic,mh3,Matt Stewart,Legendary Creature,Human Noble // Legendary Planeswalker — Sorin
cdfadb17-76ad-4d4d-9fa7-33c4b88b4c0a,Sowing Mycospawn,{3}{G},4.0,"Devoid (This card has no color.)
Kicker {1}{C} (You may pay an additional {1}{C} as you cast this spell.)
When you cast this spell, search your library for a land card, put it onto the battlefield, then shuffle.
When you cast this spell, if it was kicked, exile target land.",3,3,rare,mh3,Slawomir Maniak,Creature,Eldrazi Fungus
ecac9885-6f4e-4413-90dc-c8b44f883357,Spawn-Gang Commander,{3}{R}{R},5.0,"Devoid (This card has no color.)
When you cast this spell, create three 0/1 colorless Eldrazi Spawn creature tokens with ""Sacrifice this token: Add {C}.""
{1}{C}, Sacrifice an Eldrazi: This creature deals 2 damage to any target.",2,2,uncommon,mh3,Chris Seaman,Creature,Eldrazi Goblin
54a3ea87-005e-4985-b2a5-21711d0b71c0,Springheart Nantuko,{1}{G},2.0,"Bestow {1}{G}
Enchanted creature gets +1/+1.
Landfall — Whenever a land you control enters, you may pay {1}{G} if this permanent is attached to a creature you control. If you do, create a token that's a copy of that creature. If you didn't create a token this way, create a 1/1 green Insect creature token.",1,1,rare,mh3,Valera Lutfullina,Enchantment Creature,Insect Monk
3d5fbb30-abfc-4e79-8ce5-bbb04a241c9f,Spymaster's Vault,,0.0,"This land enters tapped unless you control a Swamp.
{T}: Add {B}.
{B}, {T}: Target creature you control connives X, where X is the number of creatures that died this turn. (Draw X cards, then discard X cards. Put a +1/+1 counter on that creature for each nonland card discarded this way.)",N/A,N/A,rare,mh3,David Álvarez,Land,N/A
dd16222e-349c-4a2b-a7c8-8eb35a8ab332,Static Prison,{W},1.0,"When this enchantment enters, exile target nonland permanent an opponent controls until this enchantment leaves the battlefield. You get {E}{E} (two energy counters).
At the beginning of your first main phase, sacrifice this enchantment unless you pay {E}.",N/A,N/A,uncommon,mh3,Jason A. Engle,Enchantment,N/A
a7143aa7-b16d-4e63-910c-6ceec55483f3,Strength of the Harvest // Haven of the Harvest,N/A,3.0,,N/A,N/A,uncommon,mh3,Paolo Parente,Enchantment,Aura // Land
42ac5ac7-b2f9-4e6f-af41-7e42ac816374,Strix Serenade,{U},1.0,"Counter target artifact, creature, or planeswalker spell. Its controller creates a 2/2 blue Bird creature token with flying.",N/A,N/A,rare,mh3,Filipe Pagliuso,Instant,N/A
49974246-0a3b-4ec9-b5ea-2a89df9bb0b5,Stump Stomp // Burnwillow Clearing,N/A,2.0,,N/A,N/A,uncommon,mh3,Volkan Baǵa,Sorcery // Land,N/A
50686ac7-346c-43d1-bdaa-28d46a12ad93,Sundering Eruption // Volcanic Fissure,N/A,3.0,,N/A,N/A,uncommon,mh3,Yohann Schepacz,Sorcery // Land,N/A
0cccd328-457a-48ab-97fb-4bc319db2e60,Suppression Ray // Orderly Plaza,N/A,5.0,,N/A,N/A,uncommon,mh3,Gabor Szikszai,Sorcery // Land,N/A
f5e672fc-673b-4476-b9cc-a395dc60b471,Swamp,,0.0,({T}: Add {B}.),N/A,N/A,common,mh3,David Álvarez,Basic Land,Swamp
83036e21-21ea-4324-aa07-11757f80c417,Sylvan Safekeeper,{G},1.0,Sacrifice a land: Target creature you control gains shroud until end of turn. (It can't be the target of spells or abilities.),1,1,rare,mh3,Magali Villeneuve,Creature,Human Wizard
2a717b98-cdac-416d-bf6c-f6b6638e65d1,"Tamiyo, Inquisitive Student // Tamiyo, Seasoned Scholar",N/A,1.0,,N/A,N/A,mythic,mh3,Magali Villeneuve,Legendary Creature,Moonfolk Wizard // Legendary Planeswalker — Tamiyo
ee66a06e-a461-46af-a318-550bc35de5d0,Tamiyo Meets the Story Circle,{1}{U},2.0,"(As this Saga enters and after your draw step, add a lore counter. Sacrifice after III.)
I — Until your next turn, whenever a creature attacks you or a planeswalker you control, it gets -2/-0 until end of turn.
II — Discard any number of cards, then investigate twice for each card discarded this way.
III — Shuffle up to three target cards from your graveyard into your library.",N/A,N/A,uncommon,mh3,Xabi Gaztelua,Enchantment,Saga
6625df2e-7046-411a-ae86-c46ac0953a0b,Temperamental Oozewagg,{3}{G},4.0,"{2}{G}: Adapt 2. (If this creature has no +1/+1 counters on it, put two +1/+1 counters on it.)
Modified creatures you control have trample. (Equipment, Auras you control, and counters are modifications.)",4,4,common,mh3,Pete Venters,Creature,Ooze Brushwagg
62a3fc3f-f5cd-45f1-a3d5-d90c9dd4f6c7,Tempest Harvester,{1}{U},2.0,"When this creature enters, you get {E}{E} (two energy counters).
{T}, Pay {E}: Draw a card, then discard a card.",2,1,common,mh3,Runa I. Rosenberger,Creature,Merfolk Wizard
9c249aa6-c65c-4572-8e2e-c3899638ecce,Territory Culler,{4}{G},5.0,"Devoid (This card has no color.)
Reach
Landfall — Whenever a land you control enters, look at the top card of your library. If it's a creature card, you may reveal it and put it into your hand. If you don't put the card into your hand, you may put it into your graveyard.",7,5,uncommon,mh3,Tiffany Turrill,Creature,Eldrazi
27d701aa-df93-4f0e-b1e3-d081487eb456,The Creation of Avacyn,{1}{B}{B},3.0,"(As this Saga enters and after your draw step, add a lore counter. Sacrifice after III.)
I — Search your library for a card, exile it face down, then shuffle.
II — Turn the exiled card face up. If it's a creature card, you lose life equal to its mana value.
III — You may put the exiled card onto the battlefield if it's a creature card. If you don't put it onto the battlefield, put it into its owner's hand.",N/A,N/A,uncommon,mh3,Franz Vohwinkel,Enchantment,Saga
4b44f01b-17e8-4d49-8f38-fd1128114b2f,The Hunger Tide Rises,{2}{G},3.0,"(As this Saga enters and after your draw step, add a lore counter. Sacrifice after IV.)
I, II, III — Create a 1/1 black and green Insect creature token.
IV — Sacrifice any number of creatures. Search your library and/or graveyard for a creature card with mana value less than or equal to the number of creatures sacrificed this way and put it onto the battlefield. If you search your library this way, shuffle.",N/A,N/A,uncommon,mh3,Liiga Smilshkalne,Enchantment,Saga
8fcf68cf-0dac-4b29-90d5-c18c685182e6,The Necrobloom,{1}{W}{B}{G},4.0,"Landfall — Whenever a land you control enters, create a 0/1 green Plant creature token. If you control seven or more lands with different names, create a 2/2 black Zombie creature token instead.
Land cards in your graveyard have dredge 2. (You may return a land card from your graveyard to your hand and mill two cards instead of drawing a card.)",2,7,rare,mh3,Igor Krstic,Legendary Creature,Plant
328b02ca-d8eb-401d-9c41-93f8eb909312,Thief of Existence,{1}{C}{G},3.0,"Devoid (This card has no color.)
When you cast this spell, exile up to one target noncreature, nonland permanent an opponent controls with mana value 4 or less. If you do, Thief of Existence gains ""When this creature leaves the battlefield, target opponent draws a card.""",3,4,rare,mh3,Raph Lomotan,Creature,Eldrazi
dd28a646-f38f-4cdf-948c-969cd979e5e6,Thraben Charm,{1}{W},2.0,"Choose one —
• Thraben Charm deals damage equal to twice the number of creatures you control to target creature.
• Destroy target enchantment.
• Exile any number of target players' graveyards.",N/A,N/A,common,mh3,Carlos Palma Cruchaga,Instant,N/A
465857f2-df08-4f7b-b4fe-b16831ac0eb1,Thriving Skyclaw,{2}{R}{R},4.0,"Flying
When this creature enters, you get {E}{E}{E} (three energy counters).
Whenever this creature attacks, you may pay {E}{E}{E}. If you do, put a +1/+1 counter on it.",3,2,common,mh3,Lucas Graciano,Creature,Cat Dragon
fb3ea14e-44ac-4f69-bfea-cb6bf1bfbd74,Titans' Vanguard,{3}{R}{G},5.0,"Devoid (This card has no color.)
When you cast this spell and whenever this creature attacks, put a +1/+1 counter on each colorless creature you control.
Trample",5,5,uncommon,mh3,Richard Kane Ferguson,Creature,Eldrazi
5aa02b7d-db31-4924-b75e-eb02f332ca3a,Toxic Deluge,{2}{B},3.0,"As an additional cost to cast this spell, pay X life.
All creatures get -X/-X until end of turn.",N/A,N/A,rare,mh3,Svetlin Velinov,Sorcery,N/A
113f48b9-a972-4e2c-af95-05ab078e01f2,Tranquil Landscape,,0.0,"{T}: Add {C}.
{T}, Sacrifice this land: Search your library for a basic Forest, Plains, or Island card, put it onto the battlefield tapped, then shuffle.
Cycling {G}{W}{U} ({G}{W}{U}, Discard this card: Draw a card.)",N/A,N/A,common,mh3,Randy Gallegos,Land,N/A
812af562-853a-48a3-b428-ad891c54be5c,Trickster's Elk,{2}{G},3.0,"Bestow {1}{G} (If you cast this card for its bestow cost, it's an Aura spell with enchant creature. It becomes a creature again if it's not attached.)
Enchanted creature loses all abilities and is a green Elk creature with base power and toughness 3/3.",3,3,uncommon,mh3,Karl Kopinski,Enchantment Creature,Elk
41e68700-c71c-46db-b6a4-beae924cf97a,Triton Wavebreaker,{U},1.0,"Bestow {1}{U} (If you cast this card for its bestow cost, it's an Aura spell with enchant creature. It becomes a creature again if it's not attached.)
As long as this permanent is a creature, it has prowess. (Whenever you cast a noncreature spell, this creature gets +1/+1 until end of turn.)
Enchanted creature gets +1/+1 and has prowess.",1,1,uncommon,mh3,Christina Kraus,Enchantment Creature,Merfolk Wizard
40b13321-98f1-4e8c-802d-65498e43ec24,Tune the Narrative,{U},1.0,Draw a card. You get {E}{E} (two energy counters).,N/A,N/A,common,mh3,Nereida,Instant,N/A
d0e3e7b3-7ba9-47a2-b46c-a40bffb445e2,Twisted Landscape,,0.0,"{T}: Add {C}.
{T}, Sacrifice this land: Search your library for a basic Swamp, Mountain, or Forest card, put it onto the battlefield tapped, then shuffle.
Cycling {B}{R}{G} ({B}{R}{G}, Discard this card: Draw a card.)",N/A,N/A,common,mh3,Piotr Dura,Land,N/A
534d7ae4-9c4b-4a5a-a109-7630a07aeb45,Twisted Riddlekeeper,{8},8.0,"Emerge {5}{C}{U} (You may cast this spell by sacrificing a creature and paying the emerge cost reduced by that creature's mana value.)
When you cast this spell, tap up to two target permanents. Put a stun counter on each of them. (If a permanent with a stun counter would become untapped, remove one from it instead.)
Flying",5,5,uncommon,mh3,Nino Vecia,Creature,Eldrazi Sphinx
be13786a-f967-456b-bbc6-f4312467a827,Ugin's Binding,{2}{U},3.0,"Devoid (This card has no color.)
Return target nonland permanent you don't control to its owner's hand.
Whenever you cast a colorless spell with mana value 7 or greater, you may exile this card from your graveyard. When you do, return each nonland permanent you don't control to its owner's hand.",N/A,N/A,mythic,mh3,Drew Baker,Instant,N/A
020e1348-1a35-4cc8-bad6-9fbddfa79277,Ugin's Labyrinth,,0.0,"Imprint — When this land enters, you may exile a colorless card with mana value 7 or greater from your hand.
{T}: Add {C}. If a card is exiled with this land, add {C}{C} instead.
{T}: Return the exiled card to its owner's hand.",N/A,N/A,mythic,mh3,Mark Poole,Land,N/A
fd00d56a-86bd-41d8-82b6-975404ef8067,"Ulamog, the Defiler",{10},10.0,"When you cast this spell, target opponent exiles the top half of their library, rounded up.
Ward—Sacrifice two permanents.
Ulamog enters with a number of +1/+1 counters on it equal to the greatest mana value among cards in exile.
Ulamog has annihilator X, where X is the number of +1/+1 counters on it.",7,7,mythic,mh3,Chase Stone,Legendary Creature,Eldrazi
f95b8eb1-4dbb-4bb9-aa31-b7a12e3b4618,Unfathomable Truths,{4}{U},5.0,"Devoid (This card has no color.)
Draw three cards and create a 0/1 colorless Eldrazi Spawn creature token with ""Sacrifice this token: Add {C}.""",N/A,N/A,common,mh3,Drew Tucker,Instant,N/A
9d9949f5-8d6c-4ea9-b203-99e8a57a6c60,Unstable Amulet,{1}{R},2.0,"When this artifact enters, you get {E}{E} (two energy counters).
Whenever you cast a spell from anywhere other than your hand, this artifact deals 1 damage to each opponent.
{T}, Pay {E}{E}: Exile the top card of your library. You may play it until you exile another card with this artifact.",N/A,N/A,uncommon,mh3,José Parodi,Artifact,N/A
926916ed-2f22-4ba9-9427-194886ad6c1e,Urza's Cave,,0.0,"{T}: Add {C}.
{3}, {T}, Sacrifice this land: Search your library for a land card, put it onto the battlefield tapped, then shuffle.",N/A,N/A,uncommon,mh3,Mark Poole,Land,Urza's Cave
c4589226-6072-409b-b598-ebd87f675a6a,Urza's Incubator,{3},3.0,"As this artifact enters, choose a creature type.
Creature spells of the chosen type cost {2} less to cast.",N/A,N/A,rare,mh3,Grzegorz Rutkowski,Artifact,N/A
3050ac06-4c16-4155-a97f-f6bc92709ee4,Utter Insignificance,{1}{U},2.0,"Flash
Enchant creature
Enchanted creature loses all abilities and has base power and toughness 1/1.
{2}{C}: Exile enchanted creature.",N/A,N/A,common,mh3,Lius Lasahido,Enchantment,Aura
29f11089-658f-42e6-aeb0-09b512ad2479,Vexing Bauble,{1},1.0,"Whenever a player casts a spell, if no mana was spent to cast it, counter that spell.
{1}, {T}, Sacrifice this artifact: Draw a card.",N/A,N/A,uncommon,mh3,Tony Foti,Artifact,N/A
83379f7f-3766-43f5-bd5e-e11ef9070ddb,Victimize,{2}{B},3.0,"Choose two target creature cards in your graveyard. Sacrifice a creature. If you do, return the chosen cards to the battlefield tapped.",N/A,N/A,uncommon,mh3,Craig J Spearing,Sorcery,N/A
1f9b8532-4f1a-4653-9cbb-befba8169e5a,Voidpouncer,{1}{R},2.0,"Devoid (This card has no color.)
Kicker {2}{C} (You may pay an additional {2}{C} as you cast this spell.)
If this creature was kicked, it enters with two +1/+1 counters and a trample counter on it and with haste.",3,1,common,mh3,Michele Giorgi,Creature,Eldrazi
2e6e3232-8bb8-4504-9597-dfdfc6d634bd,Volatile Stormdrake,{1}{U},2.0,"Flying, hexproof from activated and triggered abilities
When this creature enters, exchange control of this creature and target creature an opponent controls. If you do, you get {E}{E}{E}{E}, then sacrifice that creature unless you pay an amount of {E} equal to its mana value.",3,2,rare,mh3,Campbell White,Creature,Drake
b5495f34-423e-4012-808c-b267e6fabf2c,Voltstorm Angel,{3}{W}{W},5.0,"Flying
When this creature enters, you get {E}{E}{E} (three energy counters).
At the beginning of combat on your turn, you may pay {E}{E}. When you do, choose one —
• This creature gains vigilance and lifelink until end of turn.
• Other creatures you control get +1/+1 until end of turn.",4,4,uncommon,mh3,Andrew Theophilopoulos,Creature,Angel
2b5f3a1a-8514-4598-be3d-c3be719f6951,Warped Tusker,{7},7.0,"Reach
When you cast or cycle Warped Tusker, create a 0/1 colorless Eldrazi Spawn creature token with ""Sacrifice this token: Add {C}.""
Cycling {2}{G} ({2}{G}, Discard this card: Draw a card.)",6,8,common,mh3,Camille Alquier,Creature,Eldrazi Boar Beast
b334e4c6-d316-4141-8889-f95afcc04701,Warren Soultrader,{2}{B},3.0,"Pay 1 life, Sacrifice another creature: Create a Treasure token. (It's an artifact with ""{T}, Sacrifice this token: Add one mana of any color."")",3,3,rare,mh3,Pete Venters,Creature,Zombie Goblin Wizard
6bc119b8-429c-4ab6-adba-b65b03810e98,Wastescape Battlemage,{1}{C},2.0,"Kicker {G} and/or {1}{U}
When you cast this spell, if it was kicked with its {G} kicker, exile target artifact or enchantment an opponent controls.
When you cast this spell, if it was kicked with its {1}{U} kicker, return target creature an opponent controls to its owner's hand.",2,2,uncommon,mh3,Paolo Parente,Creature,Eldrazi Wizard
060f9675-4921-4cbb-bae2-54c85c679fd4,Waterlogged Teachings // Inundated Archive,N/A,4.0,,N/A,N/A,uncommon,mh3,Douglas Shuler,Instant // Land,N/A
c4eb9a82-91f7-4741-a029-a07a3ff6af78,Wheel of Potential,{2}{R},3.0,"You get {E}{E}{E} (three energy counters), then you may pay any amount of {E}.
Each player may exile their hand and draw a number of cards equal to the amount of {E} paid this way. If seven or more {E} was paid this way, you may play cards you own exiled this way until the end of your next turn.",N/A,N/A,rare,mh3,Drew Baker,Sorcery,N/A
4f8d885c-5b57-457f-a658-fd0b79cf98cc,White Orchid Phantom,{W}{W},2.0,"Flying, first strike
When this creature enters, destroy up to one target nonbasic land. Its controller may search their library for a basic land card, put it onto the battlefield tapped, then shuffle.",2,2,rare,mh3,Zoltan Boros,Creature,Spirit Knight
a15570c0-4210-4959-8584-987ec85f8283,Wight of the Reliquary,{B}{G},2.0,"Vigilance
This creature gets +1/+1 for each creature card in your graveyard.
{T}, Sacrifice another creature: Search your library for a land card, put it onto the battlefield tapped, then shuffle.",2,2,rare,mh3,Scott Murphy,Creature,Zombie Knight
bd1d13f7-fd38-4f0b-a8e0-1eac78668117,Windswept Heath,,0.0,"{T}, Pay 1 life, Sacrifice this land: Search your library for a Forest or Plains card, put it onto the battlefield, then shuffle.",N/A,N/A,rare,mh3,Alexander Forssberg,Land,N/A
e23abf47-22fa-4dca-bd42-fafa1c8b592f,Wing It,{1}{W},2.0,Target creature gets +2/+2 until end of turn. Put a flying counter on it. Scry 1.,N/A,N/A,common,mh3,Christina Kraus,Instant,N/A
f76bc2da-8f4b-4153-8a7b-c601b19affaf,Winter Moon,{2},2.0,Players can't untap more than one nonbasic land during their untap steps.,N/A,N/A,rare,mh3,Drew Baker,Artifact,N/A
d237f5cc-2b9b-4929-9697-72078bac4c77,Wirewood Symbiote,{G},1.0,Return an Elf you control to its owner's hand: Untap target creature. Activate only once each turn.,1,1,uncommon,mh3,Thomas M. Baxa,Creature,Insect
62061e7c-cf19-4f03-b8fa-2bdba62d6b0b,Witch Enchanter // Witch-Blessed Meadow,N/A,4.0,,N/A,N/A,uncommon,mh3,Tyler Walpole,Creature,Human Warlock // Land
95c2390f-71f1-4e42-83da-d603ca86a8d0,Wither and Bloom,{1}{B},2.0,"Target creature gets -3/-3 until end of turn.
{1}{B}, Exile this card from your graveyard: Put a +1/+1 counter on target creature you control. Activate only as a sorcery.",N/A,N/A,common,mh3,Richard Kane Ferguson,Instant,N/A
4e11ea8a-f895-438d-a3b7-f070238e4161,Wooded Foothills,,0.0,"{T}, Pay 1 life, Sacrifice this land: Search your library for a Mountain or Forest card, put it onto the battlefield, then shuffle.",N/A,N/A,rare,mh3,Chris Ostrowski,Land,N/A
ace686ad-9e3f-41b3-b8eb-d1b6d45eb4e1,Worn Powerstone,{3},3.0,"This artifact enters tapped.
{T}: Add {C}{C}.",N/A,N/A,uncommon,mh3,Henry G. Higginbotham,Artifact,N/A
4ef1882e-b422-4f30-8a6c-bd71c2601660,Wrath of the Skies,{X}{W}{W},2.0,"You get X {E} (energy counters), then you may pay any amount of {E}. Destroy each artifact, creature, and enchantment with mana value less than or equal to the amount of {E} paid this way.",N/A,N/A,rare,mh3,Franz Vohwinkel,Sorcery,N/A
f54dbeb1-51f8-40e2-912a-ec25457de5a2,Writhing Chrysalis,{2}{R}{G},4.0,"Devoid (This card has no color.)
When you cast this spell, create two 0/1 colorless Eldrazi Spawn creature tokens with ""Sacrifice this token: Add {C}.""
Reach
Whenever you sacrifice another Eldrazi, put a +1/+1 counter on this creature.",2,3,common,mh3,Domenico Cava,Creature,Eldrazi Drone
23c19f67-834c-4709-9038-7916ac0921eb,Wumpus Aberration,{3}{G},4.0,"Devoid (This card has no color.)
When you cast this spell, if {C} wasn't spent to cast it, target opponent may put a creature card from their hand onto the battlefield.
Trample",6,6,uncommon,mh3,Filip Burburan,Creature,Eldrazi Beast
cc9b30e0-3934-4e4c-bdd9-5b7696b45948,Wurmcoil Larva,{3}{B}{B},5.0,"Deathtouch, lifelink
When this creature dies, create a 1/2 black Phyrexian Wurm artifact creature token with deathtouch and a 2/1 black Phyrexian Wurm artifact creature token with lifelink.",3,3,uncommon,mh3,David Astruga,Artifact Creature,Phyrexian Wurm
